,Corr,P
A4GALT,-0.538626691852286,4.89922681103925e-39
ABCA10,-0.422691631293592,3.93685090196346e-23
ABCA4,-0.400746831892988,9.46008878191899e-21
ABCA6,-0.506742812773273,4.8751969089324e-34
ABCA9,-0.490170083481337,1.21502340815927e-31
ABCC10,-0.501568267805462,2.82108544510545e-33
ABL2,-0.49650806674455,1.52578881339864e-32
AC012651.1,-0.510539439959909,1.31897277861955e-34
AC013394.1,-0.46650934024026,1.93622996870573e-28
AC090004.1,-0.51314823335239,5.32052224660027e-35
ACAP3,-0.469507222685679,7.85038388637407e-29
ACAT1,0.433783518934806,2.10632647853356e-24
ACIN1,-0.444669787932854,1.06905164497061e-25
ACKR4,-0.436861055819625,9.16846952557241e-25
ACSL5,-0.471888883155758,3.80750730197684e-29
ACTA2,-0.543776419379546,6.789891056775e-40
ACTN1,-0.55104370954452,3.93668569606907e-41
ACTN4,-0.479920153918242,3.18109115006391e-30
ADAM12,-0.475984216654838,1.08262058806938e-29
ADAM23,-0.419263146926795,9.52288519091799e-23
ADAM32,-0.420730830101437,6.53259222703887e-23
ADAMTS1,-0.541913862665841,1.39313527504342e-39
ADAMTS10,-0.617849301025966,4.54979067856242e-54
ADAMTS12,-0.419241284640689,9.5763642500252e-23
ADAMTS14,-0.423692204968738,3.03641286069365e-23
ADAMTS2,-0.508950944762496,2.28376370600479e-34
ADAMTS4,-0.473496773031487,2.32855749565007e-29
ADAMTS6,-0.563900863477304,2.14458831724129e-43
ADAMTS7,-0.52308388773334,1.55847907166021e-36
ADAMTS9,-0.47252969926599,3.13087434518661e-29
ADAMTSL1,-0.578072170941202,5.23064487095379e-46
ADAMTSL4,-0.475441256036019,1.28029947779814e-29
ADARB1,-0.573769096927951,3.35258782798407e-45
ADCY3,-0.489646408458733,1.43945474166765e-31
ADCY4,-0.516112910051676,1.87814606471638e-35
ADCY6,-0.428405529197101,8.82994836942445e-24
ADCY7,-0.441486757265166,2.58437479066047e-25
ADGRA2,-0.63986451024655,4.76626032977897e-59
ADGRE2,-0.40486579865493,3.48625151491209e-21
ADGRE5,-0.46738986517178,1.48662958291692e-28
ADGRF1,-0.470456799761293,5.88699766903833e-29
ADGRF5,-0.518802061052747,7.23884480942568e-36
ADGRL2,-0.407150432124254,1.99193632407194e-21
ADM5,-0.45638168122969,3.82954357257186e-27
ADRA1B,-0.46419445551713,3.86419140186024e-28
ADRA2A,-0.445604345758326,8.23516861835981e-26
AEBP1,-0.722371671403542,5.63622718141482e-82
AFAP1,-0.454354198953387,6.87809079904594e-27
AGER,-0.490730260256836,1.01320972528061e-31
AGO2,-0.416912834462897,1.7346641859097e-22
AGO3,-0.407417542898956,1.86523006727226e-21
AGO4,-0.404646550363225,3.67779925136473e-21
AGRN,-0.479458418185837,3.6756371270099e-30
AHNAK,-0.552689962830122,2.04522925982043e-41
AHR,-0.497718123545136,1.02165528311377e-32
AJUBA,-0.429780214938099,6.1364270539769e-24
AKAP13,-0.420825212906802,6.37576020011941e-23
AL136295.5,-0.441245822386537,2.76190495440072e-25
AL157935.2,-0.438495253134305,5.87454466382601e-25
ALPK3,-0.409565976253233,1.09702433543321e-21
ALS2CL,-0.492610367048362,5.49377354728145e-32
AMIGO2,-0.577280627497387,7.37678891538003e-46
AMPH,-0.563514846583218,2.51628040221382e-43
ANGPT1,-0.465921699043257,2.30863835020059e-28
ANGPTL2,-0.543949278415087,6.3503209648677e-40
ANGPTL5,-0.420368803722539,7.17026547340767e-23
ANKHD1,-0.401205802957611,8.47004515836361e-21
ANKLE2,-0.493305218188326,4.37731386401549e-32
ANKRD10,-0.502110468586763,2.35037840959468e-33
ANKRD13B,-0.476275460280304,9.89358642707078e-30
ANKRD13D,-0.439271936340137,4.75034858463727e-25
ANKRD29,-0.405132133904207,3.26676117890867e-21
ANKRD35,-0.512035764965971,7.84340322231506e-35
ANKRD36,-0.466453316000263,1.96900587208372e-28
ANKRD36C,-0.410249207243632,9.25887827799784e-22
ANKRD44,-0.427740143461029,1.05243508788835e-23
ANKRD65,-0.42700353444315,1.27760266101054e-23
ANKS6,-0.402468691589524,6.24307270483445e-21
ANO1,-0.441536557370545,2.5491112645799e-25
ANO8,-0.528074227204061,2.53099450437144e-37
ANTXR1,-0.495282248760315,2.28689096730577e-32
ANTXR2,-0.52474485495693,8.53907382708563e-37
ANXA1,-0.460600376441605,1.11809032954163e-27
ANXA2,-0.413551601757116,4.0563419653594e-22
AP1G2,-0.443865468571022,1.33736920833391e-25
APCDD1,-0.523813835039492,1.19687613800643e-36
APCDD1L,-0.4078568353413,1.67391847473225e-21
APLNR,-0.423478666571507,3.20969150820195e-23
APOC1,-0.406483176203396,2.34674026257057e-21
APOD,-0.51666969208932,1.5427736787047e-35
APOE,-0.420523068730644,6.89136094440991e-23
APOL4,-0.441261053582412,2.75033373091313e-25
AQP5,-0.457492269293097,2.77405184177757e-27
ARAP3,-0.496919536629554,1.33149818182641e-32
ARGLU1,-0.417609301210457,1.45295187886414e-22
ARHGAP1,-0.428513970933527,8.58059325038278e-24
ARHGAP17,-0.518180183545825,9.03131683315996e-36
ARHGAP19,-0.401898533465801,7.16609961613218e-21
ARHGAP23,-0.578346182106889,4.64271920589716e-46
ARHGAP27,-0.454831069437172,5.99520382334299e-27
ARHGAP29,-0.517544377026377,1.13182731469979e-35
ARHGAP31,-0.404161440086881,4.13927388714912e-21
ARHGAP44,-0.423825287239397,2.93312706431302e-23
ARHGAP45,-0.421876139881907,4.86177937778066e-23
ARHGDIB,-0.495754089523475,1.95740041274012e-32
ARHGEF1,-0.48883342172435,1.87166700418526e-31
ARHGEF17,-0.493338570470741,4.32978420178553e-32
ARHGEF2,-0.434861450820313,1.57551595511916e-24
ARHGEF25,-0.582166040379878,8.7050432221941e-47
ARHGEF7,-0.416226353574319,2.06490604390944e-22
ARID4B,-0.402019180520747,6.96018479899371e-21
ARID5A,-0.552077895378205,2.61012144873708e-41
ARID5B,-0.587305835797371,8.83624061732678e-48
ARL10,-0.531336553689624,7.5873999167753e-38
ARL15,-0.514579489586279,3.22246766159731e-35
ARL4C,-0.40783772777789,1.68182185766154e-21
ARL5B,-0.444004002060649,1.28682444066119e-25
ARL6IP6,-0.435125042498162,1.46729497299017e-24
ARMC4,-0.44124033102308,2.76608855873786e-25
ARNTL,-0.452785090374229,1.07925837027624e-26
ARPC4-TTLL3,-0.414861641498815,2.91637587694883e-22
ARRDC2,-0.421387155907715,5.51605108833973e-23
ARSB,-0.414459809995054,3.2274727439924e-22
ARSE,-0.426536714187653,1.44427590684312e-23
ARSJ,-0.418161476440539,1.26213066508632e-22
ASAP1,-0.491325713470308,8.34999880837652e-32
ASPN,-0.61541284648548,1.53120136471569e-53
ASXL1,-0.427264701230547,1.19279542821094e-23
ATAD2B,-0.455503819537346,4.93710487275384e-27
ATAT1,-0.481233736042143,2.10629037838746e-30
ATF3,-0.422172479005951,4.50319837734248e-23
ATF6B,-0.402425756396947,6.30829449413377e-21
ATF7IP,-0.408869131878838,1.30366878195564e-21
ATL2,-0.43258650539666,2.90422671449746e-24
ATP10A,-0.587467846015754,8.21603950158674e-48
ATP11A,-0.506762435634915,4.84257114052251e-34
ATP2B4,-0.482332512274948,1.48985693597063e-30
ATP5MC1,0.417772894232689,1.39362853293215e-22
ATP8B2,-0.46579793226921,2.39567498908492e-28
ATP8B4,-0.403315070726807,5.08497225094121e-21
ATXN1,-0.458616199337696,1.99929072794295e-27
ATXN3,-0.436250671087738,1.08202041860516e-24
ATXN7,-0.405312703184545,3.12576219137356e-21
ATXN7L3,-0.41672730505575,1.81839121211361e-22
AUTS2,-0.55374468297409,1.3418602138601e-41
AVIL,-0.457751262746262,2.57267267254245e-27
AXL,-0.538586716908093,4.97430112562157e-39
B3GAT2,-0.454871145250015,5.92632627182107e-27
B3GNT2,-0.402743500089808,5.84108557527007e-21
B3GNT5,-0.547641068843954,1.50644289099495e-40
B3GNT7,-0.410491814329073,8.7169092959384e-22
B4GALNT1,-0.462967268095362,5.56191247938214e-28
B4GALT5,-0.48021130046014,2.9037284199119e-30
BACE1,-0.46430985271969,3.73381455702902e-28
BAHCC1,-0.516625937856881,1.56682737781424e-35
BAZ1A,-0.430926099139398,4.5250456884456e-24
BAZ2B,-0.452246399265675,1.25910796475118e-26
BCAT1,-0.441556107828811,2.53539787562942e-25
BCL3,-0.42398547711096,2.81339431187374e-23
BCL6,-0.47179720999734,3.91545601189474e-29
BCL6B,-0.404821390974502,3.52423686671853e-21
BCL9,-0.443318601981847,1.55677793076716e-25
BDNF,-0.421317516010503,5.61603969562175e-23
BGN,-0.620901851132216,9.79759877077422e-55
BICC1,-0.589744974319,2.9413672645224e-48
BICD2,-0.425662355540691,1.81623926343942e-23
BLVRB,0.470449394810809,5.90024607900675e-29
BMP1,-0.59767849689616,7.69637024849691e-50
BMP4,-0.412196035339624,5.69826200270161e-22
BMPER,-0.424207107017476,2.65565759461274e-23
BMPR2,-0.412738310362021,4.97478991992742e-22
BMX,-0.426555315093056,1.4372416091364e-23
BNC2,-0.499036961348117,6.58659576273062e-33
BNIP2,-0.538268637318316,5.6137442468595e-39
BOC,-0.515578437944268,2.26769813100806e-35
BST1,-0.406112792463374,2.56987562465752e-21
BTBD19,-0.572966999608271,4.72561565909588e-45
BTG2,-0.452226643937238,1.26623844379487e-26
BTN2A1,-0.457571502589021,2.71084393898297e-27
C10orf55,-0.452358713627458,1.21931711176608e-26
C11orf95,-0.57512421142673,1.87319617580654e-45
C11orf96,-0.529058853333206,1.76189541513094e-37
C14orf39,-0.405181013996677,3.22798521231554e-21
C15orf62,-0.414283787254815,3.3738555321112e-22
C18orf54,-0.49891057198829,6.87016378752019e-33
C19orf48,0.446731857840342,6.00455069577612e-26
C1orf116,-0.428425669594537,8.78310189846512e-24
C1orf198,-0.407302937789877,1.91858959247311e-21
C1QTNF1,-0.569772324602204,1.83726281701478e-44
C1QTNF2,-0.580827595300557,1.5689103862084e-46
C1QTNF3,-0.53113722002186,8.17005181943519e-38
C1QTNF6,-0.500070187385188,4.66361794254397e-33
C1QTNF7,-0.547831313274502,1.39811427046914e-40
C1R,-0.48329565627431,1.09871305308142e-30
C1RL,-0.489956531068068,1.30202465925187e-31
C1S,-0.479493505084144,3.63552527577613e-30
C21orf91,-0.411876107014771,6.17278846896013e-22
C3orf80,-0.499498846598051,5.64543103742858e-33
C4B,-0.430535741188095,5.0204959837679e-24
C5orf67,-0.466775640556701,1.78766677308455e-28
C7,-0.406628731706654,2.26438033700447e-21
C8orf58,-0.401528142683101,7.83652505699038e-21
C9orf72,-0.511021906990923,1.11576922222152e-34
CA5B,-0.465446018140947,2.66128023802075e-28
CACHD1,-0.501188094867283,3.20567135844699e-33
CACNA1C,-0.586518830142036,1.25760408653083e-47
CACNB1,-0.456375253140856,3.83668398544517e-27
CAD,-0.40145668732933,7.97280271033366e-21
CALHM2,-0.519566443335989,5.51185798595336e-36
CALHM5,-0.458789895152113,1.9004077613041e-27
CAMK2N1,-0.418314267476634,1.21384854353229e-22
CAPN12,-0.44499844689388,9.75404819414435e-26
CAPN3,-0.495645519248082,2.02878414034768e-32
CAPN5,-0.400714417994086,9.5341715245677e-21
CAPN6,-0.421810116982564,4.94543018520532e-23
CARD10,-0.523174216323705,1.50844082132198e-36
CASP10,-0.473563428506947,2.2814427956825e-29
CASP4,-0.40113109411203,8.62393637405183e-21
CASP7,-0.412751015854161,4.95897414943434e-22
CASP8,-0.448376356345677,3.77974666983851e-26
CASTOR3,-0.420246418745741,7.3994320117978e-23
CAV1,-0.457973781825684,2.41124609962869e-27
CAVIN1,-0.580259842447633,2.01261249767226e-46
CAVIN3,-0.53374543982268,3.09096845991156e-38
CBARP,-0.416937897301687,1.72364935274905e-22
CBFB,-0.429985097880035,5.81164208337178e-24
CBLN3,-0.416510270229655,1.9214074731775e-22
CCDC120,-0.505570138765568,7.27645835275827e-34
CCDC14,-0.473752636036471,2.15278030831078e-29
CCDC142,-0.40451123482767,3.8011593511445e-21
CCDC148,-0.404861017580842,3.49032166770342e-21
CCDC188,-0.483726007900804,9.58632051822367e-31
CCDC50,-0.481608026724256,1.87221454074457e-30
CCDC80,-0.599755031493747,2.9162211524497e-50
CCDC88A,-0.418274038725817,1.22638116473519e-22
CCDC88C,-0.519832003000427,5.01306610682495e-36
CCL26,-0.425186136917257,2.05710285844746e-23
CCN1,-0.414213453613674,3.43416057819385e-22
CCN2,-0.54885251851307,9.35868890628763e-41
CCN4,-0.503035475456037,1.7201198668335e-33
CCN5,-0.415580612473293,2.43183775936434e-22
CCND1,-0.435883766837809,1.19510981724328e-24
CCNL1,-0.547748410483041,1.44433695730507e-40
CCNL2,-0.401548610369653,7.79791458839962e-21
CCNT2,-0.437575307447396,7.54972685329507e-25
CD109,-0.539470679752631,3.55205800929545e-39
CD151,-0.402850288105231,5.69185942274298e-21
CD200,-0.530478865220809,1.04279134039412e-37
CD248,-0.489288828439696,1.615810063367e-31
CD276,-0.519572306284754,5.50033231731959e-36
CD40,-0.440067742827817,3.81907674830302e-25
CD93,-0.499147265663164,6.34860671664184e-33
CDC25B,-0.496080994683363,1.75714006999079e-32
CDC42EP1,-0.477259469169619,7.29280287569637e-30
CDC42EP5,-0.456185648964155,4.05332233089106e-27
CDC42SE1,-0.46336941688688,4.93700885947354e-28
CDH11,-0.550328724716394,5.22579600766698e-41
CDH23,-0.466560614562442,1.90670611680539e-28
CDH24,-0.523168760706124,1.51141731241119e-36
CDH3,-0.454141541803782,7.3121372932632e-27
CDH6,-0.523659285382395,1.2657482299692e-36
CDK11A,-0.406073865780863,2.59450826710508e-21
CDK17,-0.494743806805416,2.73035973930052e-32
CDK2AP1,-0.4373762014424,7.9702009064432e-25
CDK3,-0.418631487298125,1.11935251588755e-22
CDK9,-0.417776708681019,1.39227421742646e-22
CDKN1C,-0.468088850664045,1.20467563463078e-28
CDKN2B,-0.462839080654155,5.77708318939091e-28
CDO1,-0.437641540557827,7.41477203527414e-25
CDR2L,-0.602295707318878,8.80923560123566e-51
CDRT4,-0.412037023190118,5.92943354588854e-22
CELA2B,-0.404920731059229,3.43982178455217e-21
CELF2,-0.426317714846163,1.52969482645076e-23
CELSR3,-0.475995928344271,1.07870771346014e-29
CEMIP,-0.464036734588185,4.04969489930704e-28
CEMIP2,-0.520217704789854,4.3672416513506e-36
CEP112,-0.447705898566883,4.56614086106284e-26
CEP135,-0.458831217895483,1.87760457066717e-27
CEP164,-0.43033844420772,5.29091722920542e-24
CEP85L,-0.476991718575607,7.92463805697931e-30
CFH,-0.54638665643752,2.46113436056457e-40
CFI,-0.540873240939896,2.07747049039677e-39
CFLAR,-0.543614067144786,7.23015817727633e-40
CGAS,-0.420758342984308,6.48648613219417e-23
CH25H,-0.407002243017716,2.06585394184643e-21
CHCHD10,0.472564211149811,3.09801923929413e-29
CHD1,-0.441567661960778,2.52732768823085e-25
CHD2,-0.449556532084697,2.70723625717665e-26
CHD3,-0.434380301714109,1.79376836071088e-24
CHIC2,-0.427664660354077,1.07357695439157e-23
CHKB-CPT1B,-0.406209587731945,2.50961935541954e-21
CHN1,-0.401926004917075,7.11869081021822e-21
CHN2,-0.424273507229744,2.61012281338982e-23
CHPF2,-0.452422703150505,1.1972053344517e-26
CHRD,-0.649196959762587,2.76639606378946e-61
CHRDL1,-0.489556466342883,1.48193261259366e-31
CHST11,-0.40492026912777,3.44020966235772e-21
CHST15,-0.472777078935326,2.90277868359525e-29
CHST2,-0.400676815004465,9.62083092082862e-21
CHSY1,-0.62472231303265,1.3997398788424e-55
CHSY3,-0.607947635104252,5.90917197772643e-52
CIC,-0.416426193583321,1.96284414226602e-22
CILP2,-0.485145731358748,6.10447734894236e-31
CKMT1A,0.445863440608499,7.65935163940857e-26
CKMT1B,0.464205839538821,3.85113200543741e-28
CLCF1,-0.562587913293332,3.69038694575554e-43
CLDN1,-0.449475373139659,2.77020153087756e-26
CLDN10,-0.414090931451564,3.54176311996967e-22
CLDN15,-0.41125945804673,7.2000239649405e-22
CLDN16,-0.422569979341052,4.06290143020364e-23
CLDND1,-0.451583928542186,1.52131102309897e-26
CLEC4A,-0.435851765413298,1.20550999445445e-24
CLIC5,-0.418688254238413,1.10322543500932e-22
CLIP2,-0.470343110941595,6.09368296948084e-29
CLIP3,-0.451957041471454,1.3676320317765e-26
CLK1,-0.540280599999913,2.6067393324956e-39
CLK2,-0.437466699031722,7.77629454646702e-25
CLK4,-0.428197590346382,9.32827023338441e-24
CLSTN1,-0.403684873281824,4.64808692156785e-21
CLU,-0.454347772065451,6.89082731975544e-27
CMIP,-0.52488037697943,8.12882454785781e-37
CMKLR1,-0.468779137610991,9.78289139720277e-29
CMTM3,-0.53100212983198,8.58991160239147e-38
CMTM6,-0.41838268995043,1.19282228564067e-22
CNEP1R1,-0.443191296484257,1.61275339132501e-25
CNN1,-0.501165373898067,3.23023339585019e-33
CNN2,-0.504544737598561,1.03146182941763e-33
CNN3,-0.477472356135679,6.8262280864602e-30
CNRIP1,-0.514044575136764,3.8877356323299e-35
CNTNAP1,-0.660134830541713,5.23244159542353e-64
CNTRL,-0.496946554984301,1.31963415075175e-32
CNTROB,-0.401916008750414,7.13590577745867e-21
COL10A1,-0.492236335651268,6.20706854561237e-32
COL12A1,-0.628663096543852,1.82801539125511e-56
COL15A1,-0.499368183491848,5.89726904414979e-33
COL16A1,-0.548987337674139,8.87473694444397e-41
COL18A1,-0.478147064839643,5.53406804304956e-30
COL1A1,-0.615891289606477,1.20754085242954e-53
COL1A2,-0.614410154963853,2.51532011692044e-53
COL24A1,-0.430816264120668,4.65935010682485e-24
COL27A1,-0.529210950006047,1.66584267730274e-37
COL3A1,-0.599740745637965,2.93582748454083e-50
COL4A1,-0.443194783100889,1.61119418488174e-25
COL4A2,-0.435124670185297,1.46744252848434e-24
COL5A1,-0.615833118812205,1.24294027427409e-53
COL5A2,-0.57821135699218,4.92331781187503e-46
COL5A3,-0.502345211478838,2.17155352880011e-33
COL6A1,-0.539099156234826,4.09262106046963e-39
COL6A2,-0.638363257945809,1.07324421826298e-58
COL6A3,-0.578140425322863,5.07762996738036e-46
COL7A1,-0.550630176160724,4.63788838382397e-41
COL8A1,-0.4397494472621,4.16765774073043e-25
COL8A2,-0.532923397527118,4.20277224811997e-38
COL9A2,-0.412836434585182,4.85392538839478e-22
COLEC12,-0.52677352047502,4.07673119708702e-37
COLGALT1,-0.490643607760735,1.04210497593344e-31
COLQ,-0.421374704520124,5.53379881194448e-23
COMP,-0.567492488252293,4.79829686872064e-44
COX5A,0.466370856001134,2.01824808827942e-28
COX7B,0.411305225058412,7.11831143837123e-22
CP,-0.436894777212294,9.08486046099681e-25
CPA3,-0.48190403478984,1.70548887757812e-30
CPEB2,-0.415700542167517,2.35913860055907e-22
CPED1,-0.410454001275596,8.79927425678595e-22
CPSF1,-0.417104956620486,1.65197168804136e-22
CPSF7,-0.445493431557913,8.49455265405754e-26
CPXM2,-0.500329905677373,4.27516669326326e-33
CRACR2A,-0.427279296029832,1.18822371497609e-23
CREB5,-0.503354415365808,1.54424161555625e-33
CREBZF,-0.417316811309836,1.5652914055664e-22
CRIM1,-0.412796856284526,4.90232334007998e-22
CRISPLD2,-0.648566952891454,3.93870871235838e-61
CRLF1,-0.429457169057626,6.68528779517542e-24
CRLF3,-0.457293366808644,2.9392171702062e-27
CRMP1,-0.577855527865726,5.7472751957624e-46
CROCC,-0.474498348960881,1.71193880809615e-29
CRTC1,-0.401127627016522,8.63114471867235e-21
CSF2,-0.419017508636943,1.01410930326191e-22
CSF2RB,-0.414040554671431,3.58696443033882e-22
CSGALNACT2,-0.55260548904313,2.1153063556584e-41
CSNK1E,-0.568055853830092,3.78761553830923e-44
CSRNP1,-0.468031187034964,1.22578044909919e-28
CSRNP2,-0.403034199273408,5.44362307804912e-21
CST6,-0.412560304114867,5.2016751959967e-22
CTF1,-0.441052736019012,2.91283045877623e-25
CTHRC1,-0.53799382665864,6.23137215434912e-39
CTSE,-0.421808040614576,4.94808384980209e-23
CTSK,-0.57011129010004,1.59186537288638e-44
CTTNBP2NL,-0.514535220223424,3.27295206805863e-35
CX3CL1,-0.435824566382369,1.21441967718772e-24
CXCL12,-0.409773827579824,1.04190023130235e-21
CXCL14,-0.611812274824645,9.02616091245365e-53
CXCL2,-0.561768336377934,5.17233206647469e-43
CXCL3,-0.477070706300596,7.73281300608424e-30
CXCL8,-0.485540015452695,5.38333831983703e-31
CYB5R3,-0.49192075428174,6.87965543830931e-32
CYC1,0.413402294261115,4.21139206573033e-22
CYP39A1,-0.409384978262559,1.14736322502801e-21
CYSLTR2,-0.550991590889751,4.01891121196663e-41
CYTH1,-0.416241863745856,2.05680071865459e-22
CYTH2,-0.431647431726875,3.73323703663215e-24
DAB2,-0.50869769355228,2.49198617497788e-34
DAB2IP,-0.511955457243868,8.0658094882106e-35
DACT3,-0.494104281735397,3.36873929255247e-32
DAPK1,-0.452204784193465,1.27417501332876e-26
DBNDD2,-0.522915451386621,1.65621813867571e-36
DCAF15,-0.471132296881993,4.7944267467811e-29
DCHS1,-0.560202195481216,9.8337838070546e-43
DCLK1,-0.429009626046344,7.52656064945525e-24
DCN,-0.570142080536109,1.57125555955221e-44
DCUN1D3,-0.512721085156741,6.17653678323631e-35
DDHD1,-0.420232501421213,7.42594571056844e-23
DDX17,-0.423502897479714,3.18954821422892e-23
DDX39B,-0.469733317482572,7.33102199935271e-29
DDX47,-0.502620377481831,1.9790248341156e-33
DDX5,-0.457915007552981,2.45288392171849e-27
DDX60L,-0.445264588691011,9.05550470092214e-26
DENND5A,-0.417077712385447,1.66345690362068e-22
DEPDC7,-0.478577347941947,4.83969584436922e-30
DEPP1,-0.449769986050061,2.54830571297253e-26
DGKA,-0.537099557418563,8.74598010915104e-39
DGKD,-0.481301118193966,2.06211216698705e-30
DGKH,-0.487904998100829,2.52392926143412e-31
DGKZ,-0.409886011828459,1.01329271982894e-21
DHH,-0.527415402274258,3.22301309069749e-37
DIP2A,-0.413875061306101,3.73949929057282e-22
DKK2,-0.50523773716425,8.14888932211368e-34
DKK3,-0.580239307954883,2.03080487971256e-46
DLC1,-0.548930108326776,9.0770619303109e-41
DLEC1,-0.423214578806996,3.4375385379621e-23
DLG4,-0.417671182338946,1.43022463995655e-22
DLGAP4,-0.475902526108457,1.11030671658236e-29
DLL1,-0.531518214242653,7.09236960356338e-38
DLX1,-0.461918251893224,7.58436713810607e-28
DLX5,-0.462767032196703,5.90161329126723e-28
DMD,-0.499845127424501,5.02836099804995e-33
DMTF1,-0.431909373873491,3.48097086435009e-24
DNAH1,-0.497594928755037,1.0643153914971e-32
DNM1,-0.457303733729117,2.93037340809242e-27
DNM3,-0.517790681381242,1.0371207720955e-35
DNMT3A,-0.434995566016023,1.51950301023245e-24
DNPH1,0.435862663323727,1.20195827203691e-24
DOC2B,-0.490675197340849,1.03147780485855e-31
DOCK4,-0.495861730437575,1.88908355628142e-32
DOCK6,-0.48656668220024,3.87752819977114e-31
DOCK9,-0.408024642515875,1.60606419693931e-21
DOK4,-0.410156490544616,9.4746666706475e-22
DOP1A,-0.412788192552165,4.9129810508911e-22
DOT1L,-0.443069463056106,1.66818331243311e-25
DPY19L1,-0.408679783834476,1.36616358904048e-21
DPYSL2,-0.42693869235419,1.29956464349101e-23
DPYSL3,-0.558301757697513,2.13466065336851e-42
DRAM1,-0.46873629335074,9.91024267129554e-29
DSE,-0.524279421985229,1.01105464615582e-36
DSEL,-0.427753894445016,1.04862811998473e-23
DST,-0.488366710668763,2.17546502987167e-31
DTX4,-0.405460463464931,3.01486151428721e-21
DUSP1,-0.423181116724342,3.46752508341059e-23
DUSP4,-0.478004643278939,5.78494147484124e-30
DUSP5,-0.414644927005042,3.08028650799023e-22
DUSP6,-0.524769541196123,8.46284579068089e-37
DUSP7,-0.539233368492748,3.8885334057138e-39
DZIP1,-0.545974206510445,2.89090152167003e-40
DZIP1L,-0.406738855470732,2.20396930586962e-21
EBF1,-0.542066267614646,1.31379088043517e-39
EBLN2,-0.437974264223451,6.77205160361524e-25
ECE1,-0.538303340722121,5.54019686664646e-39
ECM2,-0.611986345679156,8.28862198103686e-53
EDIL3,-0.449498149429516,2.75238641941816e-26
EDN1,-0.554068682915521,1.1785544190317e-41
EDNRA,-0.584776149432202,2.73816448475352e-47
EFCAB13,-0.405315097248094,3.12393367404428e-21
EFEMP2,-0.475971260535066,1.08696558767543e-29
EFHD1,-0.445976239820687,7.42127044284183e-26
EFNA1,-0.427496184133524,1.12228925655971e-23
EFNB1,-0.458548506998236,2.03918995857331e-27
EFNB2,-0.512377353014973,6.96332298750229e-35
EFS,-0.50454426857476,1.03162618159399e-33
EGFL8,-0.440904956774333,3.03382010001352e-25
EGFLAM,-0.418723948130261,1.09320270385549e-22
EGR3,-0.465449381038416,2.65860921769603e-28
EHBP1L1,-0.594264325963619,3.73764335077643e-49
EHD2,-0.580798083402318,1.58937233050744e-46
EHD3,-0.490139937760054,1.22694670738939e-31
EHD4,-0.404175147377997,4.12548264215346e-21
EIF4A1,-0.553988192961919,1.21718361116709e-41
ELF4,-0.403951617633348,4.35614431587148e-21
ELK3,-0.59770945459266,7.58621549373976e-50
ELK4,-0.435297133303788,1.40063718005994e-24
ELL,-0.466378876947325,2.01340527513572e-28
ELN,-0.604912785297115,2.53817164360911e-51
ELOVL6,-0.408800885789268,1.32586161665339e-21
EMILIN1,-0.602272517308846,8.90644847419286e-51
EML3,-0.524680357663606,8.74145918392762e-37
EMP1,-0.538171634474855,5.82449632028356e-39
EMP2,-0.435884809753574,1.19477237431242e-24
ENC1,-0.469199663341091,8.61573751992013e-29
EOGT,-0.509577383128203,1.83983742778197e-34
EPB41L2,-0.450074205834316,2.33761077730892e-26
EPHA2,-0.560420170521974,8.99442955463611e-43
EPHA3,-0.497233128804766,1.20006253543301e-32
EPHA4,-0.539613983210902,3.36302121264649e-39
EPHB4,-0.45246900775251,1.18145227195058e-26
EPN2,-0.497571015988876,1.07279804319867e-32
ERBB2,-0.406179799099777,2.52801318739853e-21
ERF,-0.476037044202763,1.06508136488394e-29
ERG,-0.443250361291113,1.58653991470175e-25
ERRFI1,-0.517037237076908,1.35463794253411e-35
ETS1,-0.56742901417625,4.92774551810682e-44
ETS2,-0.56525117142254,1.22407181489446e-43
ETV1,-0.442421526895778,1.99615072185738e-25
ETV6,-0.413039086555016,4.61340475293339e-22
EXT1,-0.421886370459167,4.84894285362719e-23
F2R,-0.54654328480626,2.31508032651671e-40
F2RL1,-0.448414176917097,3.73961377535902e-26
F2RL2,-0.509112778981229,2.15982700921242e-34
F3,-0.552596448196125,2.12294599459751e-41
F5,-0.454379532361893,6.82811243368321e-27
FA2H,0.439602738109353,4.33873358372807e-25
FAM102B,-0.502220174457314,2.26506020951777e-33
FAM107B,-0.480471366211531,2.67629070497333e-30
FAM110A,-0.428901729891638,7.74453433773345e-24
FAM111A,-0.425130059662959,2.08746354904651e-23
FAM114A1,-0.403099184432161,5.35848635666305e-21
FAM126A,-0.497527480776969,1.08841364015731e-32
FAM131A,-0.45456750362247,6.46832419759485e-27
FAM131B,-0.487424808406801,2.94496639450728e-31
FAM160A2,-0.500708297642551,3.76588309634662e-33
FAM180A,-0.516337826815701,1.73475978227571e-35
FAM20A,-0.425726117538793,1.78618007023894e-23
FAM214B,-0.519101618012172,6.50602988511567e-36
FAM219A,-0.42164045880565,5.16695808342657e-23
FAM43B,-0.508402814629785,2.75822016966158e-34
FAM76B,-0.414018022980238,3.60736508785431e-22
FAM78B,-0.42939915625911,6.78886356862026e-24
FAP,-0.532427006089603,5.05751706266958e-38
FAS,-0.429329166001255,6.91593462469899e-24
FBLIM1,-0.635743794208245,4.37643487608915e-58
FBLN1,-0.562521774432509,3.79243967686171e-43
FBLN2,-0.633989546587917,1.11334322249591e-57
FBLN5,-0.626700432459554,5.05669525810125e-56
FBN1,-0.599260282731463,3.67719956309289e-50
FBN3,-0.443201357875915,1.60825801292352e-25
FBRS,-0.40617581897275,2.53048087665345e-21
FBXL12,-0.428122147064,9.51585043100779e-24
FBXL19,-0.506154355923166,5.96148998651656e-34
FBXL7,-0.539278261717633,3.82254477388771e-39
FBXO17,-0.545549415427166,3.41131202269034e-40
FBXO41,-0.400833948864471,9.2637816407023e-21
FCER1A,-0.448477728894894,3.6731225319979e-26
FCHSD1,-0.458975418391514,1.80012910865271e-27
FER,-0.40000129157815,1.13167423651752e-20
FES,-0.420361053602237,7.18456751969257e-23
FEZ1,-0.532199850064426,5.50409409489941e-38
FGD5,-0.448157250033959,4.02076534291058e-26
FGD6,-0.424481386278532,2.47249293756479e-23
FGF1,-0.450951583515188,1.82166849425968e-26
FGF18,-0.535648027935109,1.51300352632185e-38
FGFR3,-0.407140018974365,1.99704413623268e-21
FH,0.416712291512239,1.82533847995929e-22
FHL3,-0.454021603738699,7.56876702983908e-27
FHOD1,-0.40273851908886,5.84813943061238e-21
FILIP1L,-0.593193240559669,6.11250617314253e-49
FKBP14,-0.458683104215204,1.96061429886983e-27
FKBP7,-0.61762521280165,5.0893000953516e-54
FLACC1,-0.455648681376901,4.73466076002517e-27
FLNA,-0.469448869116956,7.990233608782e-29
FLNC,-0.497076224898999,1.26413537998841e-32
FLRT2,-0.402234009017977,6.60786885119827e-21
FLRT3,-0.441161165566053,2.82710123018854e-25
FMNL1,-0.437422635218696,7.87011948076544e-25
FMNL2,-0.530732770433208,9.49193881508415e-38
FNBP4,-0.516515553615892,1.62917411431461e-35
FNDC1,-0.423391153057872,3.28349330163105e-23
FOS,-0.400010767499386,1.12910279216951e-20
FOSB,-0.430422804582898,5.17357388272992e-24
FOSL1,-0.463683948440523,4.49710382009937e-28
FOSL2,-0.476163594961207,1.02420048109737e-29
FOXC1,-0.425211764131265,2.043373604817e-23
FOXC2,-0.646801546401243,1.05533178916904e-60
FOXL1,-0.568321995309879,3.38664911041896e-44
FOXO3,-0.428471854697127,8.67660016430612e-24
FOXP1,-0.466281861175327,2.07275969855439e-28
FOXQ1,-0.466602445224577,1.88295007859491e-28
FOXS1,-0.40806797743828,1.58898672886569e-21
FRMD4A,-0.518180863714103,9.02913400665524e-36
FRMD6,-0.570605362031365,1.29127945936672e-44
FRMD8,-0.463301956893602,5.03676191471091e-28
FRS3,-0.40735254567597,1.8953101114839e-21
FRYL,-0.423570113544727,3.13432200544201e-23
FRZB,-0.424423770527453,2.50990411049143e-23
FSCN1,-0.44576561243738,7.87193466846098e-26
FST,-0.402550496450214,6.12063992135583e-21
FSTL1,-0.670306254511027,1.2066835686566e-66
FSTL3,-0.422892957298295,3.73667317945756e-23
FUS,-0.402838386042746,5.70830348796538e-21
FUT11,-0.510981235048787,1.13162938098588e-34
FUT4,-0.432045568439062,3.35653671139027e-24
FUT8,-0.455089894952602,5.56392730741688e-27
FXYD1,-0.458817652772985,1.88506024553759e-27
FXYD5,-0.422801496771456,3.82633493725037e-23
FZD10,-0.557071551207872,3.51617767039372e-42
FZD6,-0.456971441766451,3.22737128205287e-27
GAB1,-0.493029426003708,4.79065554796406e-32
GABBR1,-0.488027483014236,2.42643849132319e-31
GABRE,-0.454188386388916,7.21425727633968e-27
GALNT5,-0.486732728071437,3.67674242734083e-31
GALNT7,-0.414812731713819,2.95259956731992e-22
GAS1,-0.470786200598088,5.32649930118e-29
GAS7,-0.490933217994198,9.48598476485738e-32
GASK1B,-0.489184122758531,1.67138419750512e-31
GATA6,-0.498605409871854,7.60562527290821e-33
GDPD3,-0.417763954495493,1.39680767232966e-22
GEM,-0.638987663285194,7.66153022451986e-59
GGA3,-0.401184769319426,8.51309596633946e-21
GGT2,-0.407743342719806,1.7214051205732e-21
GGT5,-0.504236071947177,1.14542611635248e-33
GIGYF1,-0.415493827543827,2.4858194354837e-22
GJA1,-0.467031073361224,1.65577928894469e-28
GJC2,-0.456845019293892,3.34801839268404e-27
GLCE,-0.447511835274936,4.82253298523332e-26
GLI1,-0.481508107394192,1.93205722961915e-30
GLI2,-0.604609454383093,2.93369198379187e-51
GLIPR1,-0.529135708513792,1.71269269680467e-37
GLIS2,-0.423609386051966,3.10249284021222e-23
GLS,-0.408111834382702,1.5718859135288e-21
GNA15,-0.402784205300555,5.78375433729459e-21
GNAI2,-0.546508101954659,2.34712077873232e-40
GNAQ,-0.437673712002869,7.35008298163531e-25
GNB3,-0.45713083346436,3.08137029748363e-27
GNB4,-0.515268796224525,2.52895675082622e-35
GOLIM4,-0.467630188597944,1.38300820626113e-28
GON4L,-0.438355375280926,6.10327035113983e-25
GOT1,0.447552903446015,4.76711404970788e-26
GPCPD1,-0.483026356140841,1.19648497974383e-30
GPM6B,-0.41017354247255,9.43461120471792e-22
GPR153,-0.461152588016778,9.50468504929302e-28
GPR161,-0.572122835612438,6.77505403563453e-45
GPR173,-0.455606368382295,4.79292925625475e-27
GPR176,-0.428602891844525,8.38132366672047e-24
GPSM1,-0.437378004401716,7.9662915276021e-25
GRAMD1A,-0.486342754345967,4.1655876394505e-31
GRASP,-0.476947395517455,8.0343328194012e-30
GRB7,-0.411978801085111,6.01637052116545e-22
GREB1L,-0.400825398264548,9.28287021177771e-21
GRHL3,-0.42775910051139,1.04719036848628e-23
GRID1,-0.419841618802527,8.21014208466683e-23
GRIN2D,-0.402777603356986,5.79301499907931e-21
GRIN3B,-0.404186224126257,4.11437116212532e-21
GRIP2,-0.438180599109075,6.40145713139312e-25
GRK2,-0.415829300238672,2.28347417311723e-22
GRM2,-0.513499616072926,4.70529640017964e-35
GRP,-0.415913773027774,2.23514000330559e-22
GSDMB,-0.403074040625101,5.39127026797576e-21
GSN,-0.459674445265626,1.46712319156229e-27
GTF2H4,-0.409512039842919,1.11179272609519e-21
GUCY1A1,-0.513838959789928,4.17819932959365e-35
GUCY1B1,-0.505111790506482,8.50585441248629e-34
HAPLN3,-0.48024420252987,2.87393001953524e-30
HAS2,-0.534555949487994,2.28121440198011e-38
HBEGF,-0.485655664878946,5.18828886580112e-31
HDAC6,-0.44806298821652,4.12906940359483e-26
HDAC7,-0.532673329210716,4.61377669412754e-38
HEG1,-0.423369571546035,3.3019493718306e-23
HEPH,-0.566300378220346,7.9031477278417e-44
HERC4,-0.405527371189143,2.96592940215891e-21
HEY2,-0.471009483585645,4.97692709245402e-29
HEYL,-0.651235252507739,8.769552647076e-62
HGF,-0.430643169452633,4.87903847587339e-24
HGSNAT,-0.482395213799807,1.46065307357411e-30
HHIPL1,-0.401458178784868,7.96993451366176e-21
HIC1,-0.542904771557726,9.50994565792572e-40
HMCN1,-0.539381783064337,3.67457942834151e-39
HMGA2,-0.455241729626584,5.32535471654663e-27
HMGXB3,-0.417797518331768,1.38490861331012e-22
HNMT,-0.423209724902751,3.44187236607894e-23
HNRNPDL,-0.43037459520131,5.24031365350693e-24
HNRNPH1,-0.437747758880321,7.20330310651322e-25
HOOK3,-0.506097207713598,6.07897032231414e-34
HOXA2,-0.510401459177627,1.38355030291545e-34
HOXA3,-0.514344578926791,3.4994607381038e-35
HOXB2,-0.491793858860212,7.170005524175e-32
HOXB3,-0.555289402951789,7.21868449448605e-42
HOXB4,-0.474450527163661,1.73730931165374e-29
HRH1,-0.469721304978366,7.35774028374153e-29
HSPA12B,-0.451492288853768,1.56159485228171e-26
HSPB6,-0.512451860109669,6.78476164977001e-35
HSPG2,-0.449452374238891,2.78830639665984e-26
HTR2B,-0.465877881474596,2.33908863020196e-28
HTRA1,-0.411937691313229,6.07851165946589e-22
HTRA3,-0.545733842325014,3.17484968335405e-40
HYAL2,-0.516313391257677,1.74979704514318e-35
ICAM1,-0.472522710616515,3.13756934296479e-29
ICAM5,-0.459167727665612,1.70170443066828e-27
IER3,-0.55685598585984,3.83669165949863e-42
IER5,-0.402731175916909,5.85855380097438e-21
IFFO1,-0.491461580253067,7.98902426186245e-32
IFI16,-0.497945857468418,9.47204559324956e-33
IFI44,-0.403881576778401,4.43100282991667e-21
IFITM1,-0.400400209215418,1.028260830861e-20
IFITM2,-0.489308952087581,1.60534060855635e-31
IFITM3,-0.415791022617258,2.30571427020278e-22
IFNAR2,-0.513975796759594,3.98259755647702e-35
IFNE,-0.419790428566032,8.3187138817585e-23
IFNGR1,-0.442081907594899,2.19272500189874e-25
IFNGR2,-0.421283197826118,5.66596948109353e-23
IFNLR1,-0.463873254298609,4.25126720471112e-28
IGF1R,-0.462006208803815,7.38998324819545e-28
IGF2,-0.510014916065426,1.58161092435147e-34
IGF2BP2,-0.432789218263362,2.75070872417841e-24
IGFBP5,-0.524861749731575,8.18403310072225e-37
IGFBP6,-0.481043107894907,2.2364097841615e-30
IGFBP7,-0.531572584507957,6.9505320626902e-38
IGSF1,-0.419679490966661,8.55889326870769e-23
IKBIP,-0.527930364268319,2.66828744653305e-37
IKBKB,-0.416449088229313,1.95147408034095e-22
IKZF2,-0.478954496912114,4.3024305309959e-30
IKZF4,-0.421957515922489,4.76059568071546e-23
IL13RA1,-0.418715877680405,1.09546096892448e-22
IL13RA2,-0.436869708860455,9.14694289976561e-25
IL17RD,-0.459128269940132,1.7214553199968e-27
IL18R1,-0.432485908736175,2.98352144419528e-24
IL1R1,-0.502516833863561,2.04940361940604e-33
IL1R2,-0.443628329039315,1.42848311145181e-25
IL1RAP,-0.501895811553517,2.52662664795554e-33
IL6,-0.504957158799311,8.96535665875832e-34
IL6R,-0.411942049992062,6.07189322859556e-22
IMPG1,-0.453503953338187,8.78241387093587e-27
IMPG2,-0.419218779705929,9.6317249351477e-23
INAVA,-0.450380560189317,2.14284993419877e-26
ING1,-0.416589038812513,1.883370571048e-22
INHBA,-0.601058797430005,1.57986955842525e-50
INHBB,-0.520603708929811,3.80353308276569e-36
INO80D,-0.407967649485575,1.62879992935186e-21
INPP4A,-0.453704376979229,8.29124146091709e-27
INPP5D,-0.433349476302044,2.36687330473693e-24
INTS6L,-0.494472642392713,2.98492319802873e-32
IP6K2,-0.403902485283357,4.40852432866691e-21
IQCA1,-0.447733784613508,4.53042289916635e-26
IQCN,-0.507160112945301,4.22606733962035e-34
IRAK2,-0.467107526035705,1.61820985521513e-28
IRAK3,-0.509223931093475,2.07858658435943e-34
IRF9,-0.475836012586058,1.1333655470688e-29
IRX3,-0.444968496665265,9.83591727496897e-26
ISLR2,-0.500351056659154,4.24498063923779e-33
ISYNA1,-0.501403288775182,2.98202072765945e-33
ITGA11,-0.470915594050402,5.12106615803646e-29
ITGA2,-0.447559364442064,4.75845282340999e-26
ITGA5,-0.541249132329701,1.79853287244099e-39
ITGA7,-0.406859952331817,2.13937280993165e-21
ITGA8,-0.406046740942314,2.61181026399008e-21
ITGA9,-0.426927100442071,1.30352990412572e-23
ITGB1,-0.405490746154829,2.99261681329101e-21
ITGB1BP2,-0.46453824355106,3.4884677243596e-28
ITGB4,-0.504956126254703,8.9685061264496e-34
ITGB5,-0.449430716355644,2.8054624984572e-26
ITGB8,-0.411981962342736,6.01161802756495e-22
ITGBL1,-0.568252359679887,3.48730136574439e-44
ITIH3,-0.400567044026893,9.87827475527526e-21
ITPRIP,-0.518425296042694,8.27759529677976e-36
ITPRIPL2,-0.403640500130894,4.69848892960446e-21
ITSN1,-0.456317691780854,3.90121342851522e-27
JAG1,-0.589872864904004,2.77580576072332e-48
JAG2,-0.479620714825479,3.49369565348763e-30
JAM2,-0.409530066820202,1.1068350493227e-21
JAM3,-0.459947716902845,1.35419619981946e-27
JARID2,-0.412612298562867,5.13436835501835e-22
JPH4,-0.419193367561469,9.69461692151891e-23
JUNB,-0.520810736190089,3.53154448759515e-36
JUND,-0.402835573039923,5.71219681306744e-21
KANK2,-0.485051996167664,6.28952187214276e-31
KBTBD2,-0.479897698356959,3.20354151538584e-30
KCNAB3,-0.413685245520205,3.9223432554781e-22
KCNC3,-0.450660106302004,1.97917389037869e-26
KCND1,-0.530136345976104,1.18369369668155e-37
KCNJ2,-0.443150028906441,1.63132178834301e-25
KCNMB1,-0.53841068558416,5.31869224847611e-39
KCNQ3,-0.405151895692361,3.25102939400986e-21
KCNT2,-0.401823928309083,7.29642567263039e-21
KCTD12,-0.439433659840148,4.54451151790641e-25
KCTD17,-0.425212426894587,2.04301974558181e-23
KDM2A,-0.400197907924693,1.07948335014764e-20
KDM5B,-0.442582661128008,1.90907864185257e-25
KDM6B,-0.536357005003915,1.15803466246589e-38
KDM7A,-0.453743796624083,8.19788246915579e-27
KHDC4,-0.41879427194846,1.07371820890336e-22
KHNYN,-0.432871701943819,2.6905617457191e-24
KIAA0895L,-0.402152324024697,6.73970941853292e-21
KIAA1217,-0.501262011814454,3.12703732367049e-33
KIAA1755,-0.480418903211334,2.72070556588375e-30
KIDINS220,-0.416062958304819,2.15223174974413e-22
KIF3C,-0.450826700456829,1.88757411523796e-26
KIRREL1,-0.582128851147126,8.8490203902122e-47
KLC1,-0.44463959155782,1.07808872601325e-25
KLF12,-0.519935020573093,4.83184714272501e-36
KLF4,-0.486869106824005,3.51955498723824e-31
KLF5,-0.480001401780191,3.10115503390856e-30
KLF6,-0.495833650896228,1.90667391143256e-32
KLF7,-0.568155152453554,3.63278570818973e-44
KLF8,-0.455871388973719,4.43932532123371e-27
KLHL17,-0.425607994145364,1.84226073729438e-23
KLK15,0.479961629749299,3.14003346423305e-30
KMT2A,-0.441834764542893,2.34768077367704e-25
KMT2B,-0.419152342220756,9.79700602350771e-23
KMT2E,-0.413936098689716,3.68251048784327e-22
KMT5C,-0.411204141681115,7.30002177564441e-22
KRT15,-0.411082147764267,7.5254234768949e-22
KRT17,-0.518744836518833,7.38786419915959e-36
KRTAP2-3,-0.406218503148898,2.50413998756068e-21
L3MBTL3,-0.509202283566753,2.09416767011987e-34
LACC1,-0.456747746138954,3.44387330086331e-27
LAMA3,-0.475220653354733,1.37046210209831e-29
LAMA4,-0.490213357203301,1.19810791988803e-31
LAMA5,-0.531427495376081,7.33544419744698e-38
LAMB1,-0.610732841770085,1.52953587401066e-52
LAMP5,-0.511831920113657,8.42018897663266e-35
LASP1,-0.485166931499377,6.06337867639882e-31
LCA5,-0.520375906518892,4.12684011065561e-36
LCAT,-0.439257409942046,4.76928200201897e-25
LDLR,-0.454525606871132,6.54685796269815e-27
LDLRAD2,-0.45634477767915,3.87071608750209e-27
LDLRAD3,-0.433939538846457,2.01976817675323e-24
LDLRAD4,-0.446699561773352,6.05922845054118e-26
LENG8,-0.440827072123891,3.09957006235024e-25
LEPR,-0.533803676369594,3.02431615315567e-38
LEPROT,-0.43313687811892,2.50586027460699e-24
LFNG,-0.496705822970788,1.42913931574926e-32
LGALS1,-0.466362713846412,2.02317586594109e-28
LGI4,-0.435690764906177,1.25920535183224e-24
LGR6,-0.473341654116798,2.4419604846183e-29
LHFPL6,-0.584902623053476,2.58823850321426e-47
LIF,-0.498877610220501,6.94608314234063e-33
LIMK1,-0.40325561370755,5.15889603460225e-21
LINC00672,-0.562907295142902,3.23464615001051e-43
LMBR1L,-0.527424923655457,3.21178646538616e-37
LMCD1,-0.650286254170497,1.49883148913017e-61
LMNA,-0.516955229664509,1.39453980368266e-35
LMO3,-0.437809095622349,7.0839135555886e-25
LMO4,-0.444414580868516,1.14784860173363e-25
LMO7,-0.435818757296778,1.21633099232514e-24
LOXL1,-0.645739802276673,1.90306007214503e-60
LOXL2,-0.5253883154331,6.75768655307177e-37
LOXL3,-0.53543053671696,1.64212477810977e-38
LPAR4,-0.497835172103249,9.82693499395761e-33
LPAR6,-0.457401778676022,2.84802394424406e-27
LPCAT4,-0.449670314316707,2.62133606409136e-26
LRCH1,-0.486535153956243,3.91686068093828e-31
LRCH2,-0.456265903483756,3.96018720511122e-27
LRCH3,-0.422473005916513,4.16622751644985e-23
LRFN3,-0.432105260127986,3.30339373019854e-24
LRP1,-0.624344023272006,1.69920957186586e-55
LRP12,-0.405796992982922,2.77655846900296e-21
LRP2BP,-0.453858384378267,7.93236021514922e-27
LRP4,-0.443234265115749,1.59364151623226e-25
LRP5L,-0.445662280135414,8.1028110315801e-26
LRRC15,-0.41001995619777,9.80149714691585e-22
LRRC17,-0.580798040760023,1.58940208708183e-46
LRRC32,-0.478223592325558,5.40374366460337e-30
LRRC8A,-0.418755578158313,1.08439622500966e-22
LRRN4CL,-0.451000567654152,1.79644328939139e-26
LTBP1,-0.599590254443077,3.15048337923721e-50
LTBP2,-0.563016104861488,3.09250073867839e-43
LTBP3,-0.459551694618228,1.52083259073044e-27
LTBP4,-0.551432288957829,3.37401045720571e-41
LUC7L,-0.408663814346007,1.37156751422356e-21
LUM,-0.531169742040758,8.0720499952589e-38
LY6G5B,-0.431177310936612,4.23207102493285e-24
LYST,-0.407083024489151,2.02523050701298e-21
LYVE1,-0.474083203855021,1.94498990721285e-29
LZTS1,-0.624072937125785,1.95215408471112e-55
MACF1,-0.444301477169414,1.18458002923206e-25
MACROD2,-0.415888652750617,2.249407032373e-22
MAFF,-0.496402506370279,1.57999998647467e-32
MAFK,-0.560422229185168,8.98685101536867e-43
MALT1,-0.421047889002698,6.02032374421686e-23
MAMDC2,-0.51869348454027,7.52417579620868e-36
MAML1,-0.438935690554428,5.20824600296845e-25
MAML2,-0.512739038984582,6.13795361136134e-35
MAMLD1,-0.466469695991956,1.95936672265589e-28
MAN1A1,-0.539119602420662,4.06085789187972e-39
MAP1S,-0.407555561484741,1.80290925628186e-21
MAP3K1,-0.456390985619974,3.81923138749714e-27
MAP3K12,-0.474351629436307,1.79096261426285e-29
MAP3K14,-0.503180409288906,1.63786482634171e-33
MAP3K3,-0.539500005990678,3.51253438744201e-39
MAP3K5,-0.403241784881551,5.17624093782039e-21
MAP3K7CL,-0.442688421713559,1.85397979771133e-25
MAP4,-0.404113743725227,4.18761763882063e-21
MAP4K4,-0.515918451928926,2.01153666634955e-35
MAP4K5,-0.434247830199751,1.85893080275355e-24
MAP7D1,-0.474465105367303,1.72953609885766e-29
MAPK15,-0.425911324326012,1.70162574184033e-23
MAPK7,-0.449791669347976,2.5326864870045e-26
MAPK8IP3,-0.45487346173565,5.92236897397889e-27
MAPKBP1,-0.43398001810416,1.99789073706759e-24
MARVELD1,-0.506703906594947,4.94052892453179e-34
MAST4,-0.427999111625955,9.82978285555543e-24
MATN3,-0.556711824156857,4.06703774417712e-42
MATR3,-0.417625742933814,1.44687875054832e-22
MAU2,-0.428349449187757,8.96169401683659e-24
MB21D2,-0.409252703821553,1.18558561574744e-21
MBD6,-0.435690384732931,1.25933489824489e-24
MBNL1,-0.499670375638904,5.33092890207085e-33
MBOAT2,-0.420363124279086,7.18074354546041e-23
MC1R,-0.40737225806857,1.88613722432747e-21
MCAM,-0.426560415377968,1.4353187521955e-23
MCC,-0.504955110365769,8.97160586025873e-34
MCL1,-0.510678454749574,1.25693133661948e-34
MCTP1,-0.554919872226428,8.37522367908947e-42
MCTP2,-0.430993236346435,4.44484159528519e-24
MDFI,-0.585422884961296,2.05254318124701e-47
MDFIC,-0.438831056034375,5.35943733567232e-25
MDK,-0.466013561352906,2.24606691505733e-28
ME3,-0.44795814311224,4.25292235140059e-26
MECOM,-0.492843565033055,5.09077372533576e-32
MED15,-0.424877010433474,2.23006081009336e-23
MEDAG,-0.62334413600748,2.83299294316226e-55
MEGF6,-0.541984335358115,1.35587245496366e-39
MEIS3,-0.531790531597226,6.40963991234995e-38
MEOX2,-0.427003648917426,1.27756421452119e-23
MEX3A,-0.448894068180646,3.26552163911803e-26
MEX3B,-0.5285322496048,2.13884049648945e-37
MEX3C,-0.482260191088545,1.52425938308682e-30
MEX3D,-0.416551348085143,1.90147758551693e-22
MFAP2,-0.557185395688382,3.35777216787784e-42
MFAP4,-0.57309910618386,4.46614906683061e-45
MFAP5,-0.519799649269484,5.07135723784539e-36
MFGE8,-0.472144492532354,3.52182123195255e-29
MGAT3,-0.404449828297125,3.85847794137289e-21
MGAT4C,-0.467964520321662,1.25063648697374e-28
MICAL1,-0.408894024031952,1.29566567585333e-21
MICAL2,-0.492629754151068,5.45909953293479e-32
MICALL2,-0.486474252764742,3.99395821605378e-31
MIDN,-0.545943392089081,2.92584646180027e-40
MIER2,-0.444239620728911,1.20515726252133e-25
MKNK1,-0.448623708928414,3.52478290502218e-26
MLLT11,-0.479593694736237,3.52335573613984e-30
MLLT6,-0.422052810114914,4.64474592706012e-23
MMP11,-0.481705068532138,1.81585198851804e-30
MMP14,-0.552927357722454,1.86038003618659e-41
MMP19,-0.58571619838615,1.80066395729329e-47
MMP2,-0.6731869196505,2.06798605985576e-67
MMP23B,-0.419292284168359,9.45206823375692e-23
MN1,-0.561154236424575,6.6569546788703e-43
MOV10,-0.406528750991515,2.3206398721628e-21
MPP3,-0.406730841654775,2.20831132505665e-21
MPRIP,-0.528535063412949,2.13662789107534e-37
MPZL1,-0.421890520382508,4.84374539848361e-23
MPZL2,-0.472909845335878,2.78722264737117e-29
MPZL3,-0.448380813460197,3.77499501384371e-26
MRC1,-0.471296084379073,4.56130235414504e-29
MRC2,-0.498713528845473,7.33654094115324e-33
MRGPRF,-0.548056822503942,1.27967021088614e-40
MRVI1,-0.501838097266271,2.57620604345634e-33
MS4A2,-0.40467251556903,3.65458368955361e-21
MS4A4E,-0.421479699988329,5.38589122218419e-23
MSC,-0.422547159866887,4.08698584125867e-23
MSL1,-0.45619703051871,4.03998347637402e-27
MSL3,-0.446779190654251,5.92529533150615e-26
MSRB3,-0.564678237497301,1.55337462808164e-43
MSS51,-0.413434077801068,4.17790365624841e-22
MST1R,-0.43135524040413,4.03597415827749e-24
MSX1,-0.470907508065317,5.13367116785757e-29
MT3,0.429397968785082,6.79100014378823e-24
MTF2,-0.453517702228192,8.7478200020134e-27
MTMR11,-0.49942414511718,5.78807587792481e-33
MTSS2,-0.436006109614902,1.15616019223961e-24
MXD1,-0.414226354155977,3.4230203875887e-22
MXRA5,-0.43943665180487,4.54078766074202e-25
MXRA7,-0.400956220189213,8.9950163223442e-21
MXRA8,-0.507500951306275,3.7599973373368e-34
MYADM,-0.587568533820541,7.85256122320924e-48
MYC,-0.40392640179924,4.38294980250723e-21
MYD88,-0.410185180840371,9.40736830714205e-22
MYH10,-0.465928817462012,2.30372867989281e-28
MYH11,-0.503514920991529,1.46259043706303e-33
MYH9,-0.468519108354865,1.05814679753714e-28
MYL9,-0.45145938250801,1.57631591659804e-26
MYLK,-0.542826303063525,9.80231821301233e-40
MYO15B,-0.483103613609282,1.16758733291327e-30
MYO1B,-0.560130057043719,1.01283243223094e-42
MYO1G,-0.430078635431466,5.66906567175279e-24
MYO6,-0.406563574737198,2.3008896841899e-21
MYO7B,-0.401135129472739,8.61555403871461e-21
MYO9B,-0.520926505099706,3.38794461276356e-36
MYOM3,-0.444993173180502,9.76841490792852e-26
N4BP2L2,-0.404850914202514,3.49893814576415e-21
NAA16,-0.40410662999906,4.1948754731148e-21
NAALADL1,-0.486049586533724,4.57494406481089e-31
NAB1,-0.411359791665808,7.02208301094501e-22
NABP1,-0.417800000315427,1.38403268262499e-22
NACAD,-0.419437703012329,9.1063294932139e-23
NAPSA,-0.409274462913231,1.17921284193851e-21
NAV1,-0.414837800589684,2.93397787942013e-22
NAV2,-0.531791853056316,6.40649104365637e-38
NAV3,-0.483515850000902,1.02467929458256e-30
NAXE,0.40039741678445,1.02895129059268e-20
NBEAL2,-0.549589011418798,7.0003083788703e-41
NBL1,-0.413292115949906,4.32954357350881e-22
NBPF20,-0.411939406757639,6.07590599598179e-22
NCALD,-0.440262073261995,3.62058599477784e-25
NCKAP5L,-0.458835734135304,1.87512882580619e-27
NCOA7,-0.467328824044045,1.51414927544426e-28
NDEL1,-0.492697977507414,5.33879511987401e-32
NDNF,-0.403036123755718,5.44108276399897e-21
NDRG1,-0.442373954211197,2.02259968629546e-25
NDUFA9,0.440830808375538,3.09638402746797e-25
NDUFAF7,-0.403597539004417,4.74780040856553e-21
NDUFB9,0.435828041515231,1.21327770156915e-24
NECTIN1,-0.468763549183685,9.82903836896625e-29
NEDD9,-0.563074773307633,3.01844717209098e-43
NEK3,-0.463286511709818,5.05987962783206e-28
NELL2,-0.481739249613546,1.79640194283079e-30
NET1,-0.505738529631985,6.87046628343679e-34
NEURL1B,-0.520189262608734,4.41191028712143e-36
NFASC,-0.4253926231732,1.94902067794206e-23
NFATC1,-0.420332322377005,7.23783411826096e-23
NFE2L3,-0.409202914513139,1.20029592328779e-21
NFIL3,-0.402850661629165,5.69134411321728e-21
NFKB2,-0.494177683917743,3.28854770288337e-32
NFKBID,-0.4726417145531,3.0254742834056e-29
NFKBIZ,-0.628461591708998,2.02999007998564e-56
NHSL1,-0.42812059964572,9.51973661278121e-24
NID1,-0.564777347785909,1.49070524465794e-43
NINJ2,-0.458916676197434,1.83130076130748e-27
NIPAL2,-0.402624059072987,6.01256635898972e-21
NKTR,-0.444200557740235,1.21833353490903e-25
NKX3-2,-0.418819873922957,1.06671014952757e-22
NLGN2,-0.545237646732261,3.85138837419294e-40
NLGN3,-0.478142147862971,5.54254705340758e-30
NLRP1,-0.433660718463055,2.17702264551907e-24
NLRP3,-0.402439347132634,6.28757680202708e-21
NNAT,-0.401682314059771,7.55026875873328e-21
NNMT,-0.531795656629895,6.39743616653507e-38
NOD1,-0.514150233241704,3.74635052536058e-35
NOL4L,-0.480792328260207,2.41977068468442e-30
NOS3,-0.493562109985826,4.02414756025984e-32
NOTCH1,-0.451117483884524,1.73762224445713e-26
NOTCH3,-0.601128741217518,1.52864165876722e-50
NOX4,-0.539283044631245,3.81558012659736e-39
NPHP3,-0.430356014502795,5.26626263163713e-24
NPR2,-0.565694401303746,1.01770712790613e-43
NR2C1,-0.422002627973566,4.70540145657719e-23
NR2C2,-0.422406456626476,4.23863286003869e-23
NR2F1,-0.433834864379316,2.07744360237642e-24
NR2F2,-0.445607384296088,8.22817395550744e-26
NR4A1,-0.457321913668658,2.91492802746731e-27
NR4A2,-0.511277361669093,1.0210684612841e-34
NR4A3,-0.40990490145684,1.00855259149835e-21
NRARP,-0.401897631959003,7.16766065386474e-21
NRBP1,-0.402836706376602,5.71062790820643e-21
NRBP2,-0.481080213979289,2.21047329135567e-30
NRP1,-0.483201602158816,1.13192703660004e-30
NRP2,-0.521897863953823,2.38998800531269e-36
NT5E,-0.425249220539535,2.02346968162969e-23
NTF3,-0.412211852459313,5.67575921895915e-22
NTM,-0.54763859431856,1.50790539555329e-40
NTN4,-0.417701120223182,1.4193555554687e-22
NUAK1,-0.433735698762095,2.1335828281884e-24
NUMBL,-0.570645437281748,1.26952580132132e-44
NUPR1,0.473312049405266,2.46421636924305e-29
NXF1,-0.486165941587291,4.40791633818543e-31
NXN,-0.506973852437802,4.5044873071818e-34
NXPH3,-0.414423572457282,3.25708689221126e-22
NYNRIN,-0.527638102326809,2.97033165902147e-37
OAF,-0.476564605668138,9.04640256530747e-30
ODF2,-0.442880656961892,1.7578234936479e-25
ODF2L,-0.482370198894354,1.47223546986705e-30
OGDHL,0.417086292978947,1.65983115126607e-22
OGFRL1,-0.479663189357484,3.44756983267199e-30
OGN,-0.522011202719817,2.29446788732707e-36
OGT,-0.420819751749059,6.38473261133204e-23
OLFML1,-0.595676834979089,1.94829030455708e-49
OLFML2A,-0.551272890337825,3.5944677689469e-41
OLFML2B,-0.606739718492587,1.05751222597893e-51
OLFML3,-0.455334896443744,5.18400114009679e-27
OMD,-0.528928893387916,1.84830253866715e-37
OSBPL10,-0.413382617137988,4.23225725817564e-22
OSBPL5,-0.549356670755275,7.67239455346416e-41
OSMR,-0.457883792025455,2.47528634664425e-27
OSR1,-0.4768457474712,8.29160623794936e-30
OSR2,-0.476929103738813,8.08003969028845e-30
OVGP1,-0.434580008631339,1.6997741168408e-24
OXTR,-0.526452725868003,4.58386829135337e-37
P3H1,-0.559326538499502,1.40633225011538e-42
P3H2,-0.483113535106921,1.1639266662898e-30
PALLD,-0.563414904783853,2.62250368485799e-43
PALM,-0.4223572514318,4.29296525217233e-23
PAM,-0.404797892956555,3.54450137750249e-21
PAN3,-0.42846726990664,8.68711531623664e-24
PAPLN,-0.447303942304577,5.11299065126217e-26
PAPSS1,-0.426750021183901,1.36560980237428e-23
PARP14,-0.410119582784934,9.5619394272102e-22
PARP4,-0.421614950291661,5.201101630862e-23
PARVA,-0.410555921640669,8.57900402352204e-22
PBX2,-0.468590222134424,1.03568779005374e-28
PCBP4,-0.418135531601983,1.27051541848683e-22
PCDH18,-0.512647132421084,6.33801169756718e-35
PCDH19,-0.443719433688962,1.39277523983702e-25
PCDHB10,-0.546580010975653,2.28209692811531e-40
PCDHB12,-0.475964619698209,1.08919936000395e-29
PCDHB14,-0.502986604533849,1.74876776355821e-33
PCDHB16,-0.455450487540526,5.01377165084988e-27
PCDHB4,-0.484842094391593,6.72426757517379e-31
PCDHB7,-0.475084716608767,1.42911965389579e-29
PCDHB9,-0.430065513734552,5.68885640962849e-24
PCDHGC3,-0.538922076150986,4.37822142851889e-39
PCDHGC5,-0.445076083892608,9.54494892083597e-26
PCED1B,-0.458526258393984,2.05247484724551e-27
PCGF3,-0.494621252127445,2.84263374095993e-32
PCNX2,-0.481787121201708,1.76950769448727e-30
PCOLCE,-0.605006136747033,2.42745739851528e-51
PCSK7,-0.450715539926497,1.94821691062794e-26
PDCL,-0.415260246800317,2.63705437087911e-22
PDE3A,-0.5521126556942,2.57425330545091e-41
PDE5A,-0.417458673206396,1.509773725844e-22
PDE7A,-0.465669386949571,2.48950770889904e-28
PDGFA,-0.547788976394393,1.42153306913165e-40
PDGFRA,-0.567026996537815,5.83194655993697e-44
PDGFRB,-0.529766717853177,1.35696012637676e-37
PDLIM1,-0.547499296425528,1.5925442124282e-40
PDLIM2,-0.463723534861955,4.44455995884561e-28
PDLIM7,-0.547015303042981,1.92491565388172e-40
PDPN,-0.482535751359112,1.39723813878109e-30
PDZRN3,-0.534762078462616,2.11133427999839e-38
PEA15,-0.454465972976383,6.66026735561427e-27
PEAK1,-0.587505470391383,8.07830402135053e-48
PELI1,-0.607982694186297,5.80997460211997e-52
PGBD1,-0.488788999371739,1.8986744998855e-31
PGM2L1,-0.497666203186498,1.03942394272279e-32
PGS1,-0.413351537654137,4.265421213155e-22
PHETA2,-0.519812653776787,5.04784697903124e-36
PHF19,-0.453786246401753,8.09850893128817e-27
PHF2,-0.41857083325373,1.13684102757118e-22
PHF21A,-0.440950046517507,2.99638726611519e-25
PHIP,-0.408017972335037,1.6087088152428e-21
PHLDB1,-0.59558759973126,2.03034643871392e-49
PHLDB2,-0.449390313299388,2.83774673251146e-26
PHRF1,-0.414886135635992,2.89840010885523e-22
PHYH,0.511869165389511,8.31175331583853e-35
PI16,-0.41857272746782,1.13629080761096e-22
PIAS3,-0.478695842392319,4.66410964766796e-30
PICALM,-0.414130924798412,3.50627908893732e-22
PIGA,-0.44717851938755,5.29651702118281e-26
PIK3CD,-0.448012632480921,4.18810297988458e-26
PIP5KL1,-0.432989581912802,2.60685205666362e-24
PIWIL4,-0.518194232868138,8.98633506108364e-36
PKD1,-0.484935937311273,6.52634329493405e-31
PKD1L1,-0.427256734867408,1.19529815496208e-23
PKD2,-0.507555909075025,3.68976989574481e-34
PKN3,-0.428532194728909,8.53937667040039e-24
PLA2G4A,-0.43097937834597,4.46128096393348e-24
PLA2G5,-0.419932760049357,8.0202870895525e-23
PLAAT1,0.404180609213635,4.11999998737619e-21
PLAG1,-0.458575737891506,2.02304574754665e-27
PLAGL1,-0.502626908746953,1.97466664719996e-33
PLAGL2,-0.405847830911886,2.74221252267171e-21
PLAT,-0.497244144695733,1.19568687662728e-32
PLAU,-0.486779097229112,3.62253388921841e-31
PLAUR,-0.466611574471551,1.87780453418007e-28
PLCB3,-0.417006230741594,1.6939669890351e-22
PLCG1,-0.411286156276918,7.15224510729741e-22
PLD2,-0.476179386927628,1.01920926231638e-29
PLEC,-0.565589514824342,1.06318447113925e-43
PLEKHG1,-0.548817624718206,9.48815024592818e-41
PLEKHG2,-0.588711938686034,4.69213005314613e-48
PLEKHG5,-0.563528806758595,2.50178653224961e-43
PLEKHH3,-0.408160350754349,1.55317971126631e-21
PLEKHO2,-0.41162948231761,6.56500835324679e-22
PLK2,-0.50748328420994,3.7828530670967e-34
PLK3,-0.561845578950317,5.0105554524964e-43
PLN,-0.474708059505057,1.60494211364543e-29
PLPP7,-0.500191013516345,4.47873820988838e-33
PLPPR4,-0.545854562210557,3.02894442094733e-40
PLSCR3,-0.518913568324702,6.95696954761129e-36
PLXDC1,-0.62171765754822,6.48107442223987e-55
PLXDC2,-0.571480934635425,8.90384810392749e-45
PLXNA1,-0.568850229041658,2.71135991124946e-44
PLXNA3,-0.454892395603072,5.89012165655753e-27
PLXNB1,-0.432664879247511,2.84389463123933e-24
PLXND1,-0.618904350685938,2.68121166484522e-54
PMEPA1,-0.656488892382428,4.35583349359685e-63
PML,-0.431904196654764,3.48578984373656e-24
PMP22,-0.404574963663854,3.74256097646363e-21
PNISR,-0.435827991614367,1.21329409215894e-24
PNMA6A,0.419667106175198,8.58612730729422e-23
PNPLA2,-0.434164505582406,1.90111004984702e-24
PNRC1,-0.438401384553637,6.02708235181207e-25
PODN,-0.600314121835381,2.24293551116848e-50
PODNL1,-0.435835917109191,1.21069359916006e-24
POGLUT2,-0.562736982524929,3.47025098237007e-43
POGLUT3,-0.418048410283896,1.29907517978362e-22
POGZ,-0.423892470106703,2.88231133324754e-23
PON2,-0.487977512381557,2.46575369353923e-31
POSTN,-0.436308357067613,1.06522893604682e-24
PPEF1,-0.49963632690536,5.3919461453895e-33
PPFIA2,-0.546808538506384,2.08707700693018e-40
PPFIBP1,-0.454363776993015,6.85915263733702e-27
PPIF,0.429867074403907,5.99660322574262e-24
PPM1F,-0.419249868562932,9.55533119219777e-23
PPM1M,-0.439546074923825,4.40664912491687e-25
PPP1R12B,-0.418319920990913,1.21209744162553e-22
PPP1R13L,-0.473219577758308,2.5350339114309e-29
PPP1R15A,-0.543789879691384,6.75460553921694e-40
PPP1R18,-0.507450817061497,3.82521480571318e-34
PPP1R3B,-0.477548845033013,6.66590679904254e-30
PPP1R9B,-0.427494257665762,1.12285869747386e-23
PPP4R1,-0.478444273090757,5.04469295211673e-30
PPT2-EGFL8,-0.423737064035621,3.00120257072906e-23
PRDM1,-0.473452917215673,2.36008016517103e-29
PRDM2,-0.407574082619027,1.79470408739618e-21
PRELP,-0.599598397611388,3.13847952240738e-50
PRICKLE1,-0.535872870582939,1.3900945755848e-38
PRKD3,-0.409720551600329,1.05576343300871e-21
PROCR,-0.56549099282767,1.1077358116627e-43
PROSER2,-0.467022461113704,1.66006510254078e-28
PRPF38B,-0.419983818238075,7.91582902796267e-23
PRR15,-0.446539042006478,6.33837668704454e-26
PRR16,-0.497740128022926,1.01421575407333e-32
PRR36,-0.411470449984972,6.83085966183446e-22
PRRC2C,-0.408374993262257,1.47302149033281e-21
PRRX1,-0.609343228190234,3.00705252467083e-52
PRRX2,-0.586842242373166,1.08794575177866e-47
PRSS23,-0.519103728405666,6.50113717267923e-36
PRSS53,-0.449034516134686,3.1383717533937e-26
PTBP2,-0.4156979509281,2.36068645794602e-22
PTCH2,-0.46168071994703,8.1349352711853e-28
PTCHD4,-0.420799256803259,6.41851607320733e-23
PTGER4,-0.485426011172081,5.58271201242737e-31
PTGFRN,-0.483330564479542,1.08663265338872e-30
PTGIR,-0.56544551119974,1.12892238348839e-43
PTGIS,-0.566887888645828,6.18168859559487e-44
PTGS2,-0.546908510710607,2.00704665946474e-40
PTK7,-0.562039770891752,4.62566951878e-43
PTN,-0.414883182316116,2.90056168298628e-22
PTPDC1,-0.430062355101208,5.69363058217454e-24
PTPN12,-0.482983018508664,1.21300383155683e-30
PTPN14,-0.471442381465836,4.36257453758114e-29
PTPN5,-0.46328458205441,5.06277521964466e-28
PTPRD,-0.441048235866768,2.91644345159565e-25
PTPRE,-0.475087444339905,1.42791855238841e-29
PTPRG,-0.497709125666782,1.02471293049247e-32
PTPRK,-0.408531354492433,1.41721101160107e-21
PTPRM,-0.401449342658175,7.98694199415236e-21
PTTG1IP,-0.417243352962455,1.59482615751529e-22
PURG,-0.411645802126955,6.53831128823125e-22
PUS10,-0.412987052548165,4.67401606276559e-22
PXDN,-0.508812175727833,2.39562797078635e-34
QPCT,-0.40706543619452,2.03400767940204e-21
QSOX1,-0.418870837495156,1.05289392613173e-22
RAB2B,-0.416662068738633,1.84876913090885e-22
RAB31,-0.591359427841523,1.41289449214608e-48
RAB40A,-0.422479541843037,4.15918264273609e-23
RAD52,-0.406560024986391,2.30289530333152e-21
RAI1,-0.401616392235583,7.67138436014707e-21
RAI14,-0.528683018284503,2.02342542913063e-37
RAI2,-0.480256689349233,2.86270046951043e-30
RALGDS,-0.513429894875076,4.82148742508386e-35
RAP2B,-0.427481179801429,1.12673190692383e-23
RAPGEF5,-0.552400113889563,2.29576725999448e-41
RARA,-0.565570797895216,1.07150923112256e-43
RARG,-0.525716231974171,5.99695802327416e-37
RASA2,-0.491430742071965,8.06957618129785e-32
RASAL2,-0.583862517418567,4.10963667844036e-47
RASD2,-0.455622078673072,4.77121260781352e-27
RASGRF1,-0.423931246214261,2.85337847596553e-23
RASGRP4,-0.448413889130657,3.73991756104544e-26
RASL12,-0.409487035328526,1.11870560606874e-21
RASSF2,-0.42233410275301,4.31876325209337e-23
RBFOX2,-0.422874398649243,3.75469750730355e-23
RBM25,-0.449271753651102,2.93461698849015e-26
RBM33,-0.448055574633783,4.13770867001164e-26
RBM39,-0.403290667210905,5.11518626479742e-21
RBM44,-0.426449898715069,1.47755901485951e-23
RBM5,-0.429993217493351,5.79912654070981e-24
RBM6,-0.454714931566927,6.19930891864555e-27
RBMS1,-0.516751655948572,1.49869468850749e-35
RBMS2,-0.492693737381195,5.34619502295117e-32
RBPMS,-0.476914793242394,8.11597754950542e-30
RCN3,-0.631118413405391,5.06631539468616e-57
REC8,-0.424496374445546,2.46285136151562e-23
RECK,-0.51224221272647,7.29915396423304e-35
REL,-0.473144646416797,2.59389218083849e-29
RELT,-0.46760741168285,1.39251444658045e-28
REXO1,-0.493450129622505,4.17448550929773e-32
RFTN2,-0.496286349563644,1.64185842127759e-32
RFX1,-0.40987466283412,1.0161511762246e-21
RGL1,-0.575569201920055,1.5463689949167e-45
RGL4,-0.402945276806511,5.56228477578235e-21
RGMA,-0.506733661476297,4.89048656739286e-34
RGS12,-0.460989505590697,9.97202038531043e-28
RGS2,-0.473800616636979,2.12131084858348e-29
RHEX,-0.434980152638337,1.52583898592608e-24
RHOB,-0.454283838465821,7.0188044672266e-27
RHOJ,-0.48776442197161,2.64060487546511e-31
RHOU,-0.416778898435988,1.79471554071687e-22
RIC1,-0.412739996475021,4.97268818954654e-22
RICTOR,-0.408340967664279,1.4854505739967e-21
RIMKLB,-0.401747435188196,7.43247589067337e-21
RIN1,-0.46543057511654,2.67358015477127e-28
RIN3,-0.457639600104848,2.65765878674158e-27
RIPOR2,-0.489623903704232,1.44996886264078e-31
RMDN2,-0.417780131860984,1.39105992714669e-22
RND3,-0.456103926798726,4.15038548214585e-27
RNF103,-0.411678108012639,6.48577856376864e-22
RNF112,-0.496446018576574,1.55742680261463e-32
RNF122,-0.430939965829884,4.50836387167009e-24
RNF125,-0.474304369048587,1.81717762336804e-29
RNF152,-0.552218577673335,2.46794180718314e-41
RNF19A,-0.439899763913145,3.99928801841212e-25
RNF207,-0.449566415348125,2.6996658299689e-26
RNF217,-0.454089363418022,7.42270807379283e-27
ROBO1,-0.582477372303396,7.58741352893489e-47
ROCK2,-0.428594483551716,8.3999691447864e-24
RPGR,-0.425588105778888,1.85187248591782e-23
RRAGD,0.46631747704484,2.05077147526014e-28
RRAS,-0.403352004948135,5.03957837678717e-21
RSPO4,-0.402986431837263,5.50705213285892e-21
RTL3,-0.424370169646567,2.54520982793958e-23
RTL8C,-0.418504100076663,1.15639398939051e-22
RUNX1,-0.464101045910068,3.9730151098968e-28
RUNX1T1,-0.440916667554227,3.02405380363819e-25
RUNX2,-0.511370923910236,9.88413432588231e-35
RUSC1,-0.42273737471257,3.89045895260381e-23
S100A10,-0.416732838872249,1.81583711695218e-22
S100A3,-0.407479396125121,1.83704247249408e-21
S100PBP,-0.472550835175151,3.11071241151459e-29
S1PR1,-0.444755458649165,1.04381780870176e-25
S1PR3,-0.465505563288491,2.61437593854834e-28
SAMD14,-0.428106369820869,9.55554689450526e-24
SAMD9L,-0.403990438733544,4.31519157546207e-21
SBNO2,-0.461769611748739,7.92441604905545e-28
SCARA3,-0.493622982104448,3.94468609183578e-32
SCARA5,-0.441366075569929,2.67184126835295e-25
SCARF2,-0.597571798127701,8.08833483606226e-50
SCG2,-0.480699193125826,2.49159106177297e-30
SCGB1D2,0.405260340145897,3.16602063512179e-21
SCHIP1,-0.473339780541233,2.44336306638972e-29
SCML1,-0.425035520270754,2.13965258092423e-23
SCN2B,-0.44639284570846,6.60365353902902e-26
SCRG1,-0.418840692376597,1.06104478317745e-22
SDC3,-0.457790395248286,2.54352943191896e-27
SDC4,-0.430911951194051,4.54212867820556e-24
SDK1,-0.530104288977091,1.19780905330656e-37
SEC23A,-0.451331895791973,1.63465511943505e-26
SELE,-0.428509761402213,8.59014179772166e-24
SELP,-0.487856227651309,2.56381800669966e-31
SEMA3C,-0.55745832357369,3.00625151304148e-42
SEMA3F,-0.472771313595058,2.9079026294243e-29
SEMA4B,-0.426512082782873,1.45364308614137e-23
SEMA4C,-0.567090892128869,5.67794992726846e-44
SEMA4G,-0.42773998617524,1.05247871138958e-23
SEMA5A,-0.557395734858823,3.08349108344909e-42
SEMA6C,-0.527537479688717,3.08197283243369e-37
SEMA7A,-0.498075459996984,9.07260282410787e-33
SEPTIN11,-0.513998148340806,3.95152054847614e-35
SEPTIN5,-0.426387638997405,1.50189313775845e-23
SEPTIN8,-0.491063324980456,9.09342173393852e-32
SERP2,-0.430699032628579,4.80704285213675e-24
SERPINB8,-0.451755500565699,1.44863209501444e-26
SERPINB9,-0.55937252695268,1.38019267240409e-42
SERPINE1,-0.548937068138092,9.05221446899041e-41
SERPINE2,-0.449636599209882,2.64650459373023e-26
SERPINF1,-0.534679333971291,2.17796642470793e-38
SERPING1,-0.549985746373306,5.98495353469357e-41
SERPINH1,-0.57152469475758,8.73969584499451e-45
SESTD1,-0.416135845209549,2.11283647955183e-22
SETD5,-0.421027612864381,6.05186218471065e-23
SF3B1,-0.462614237352178,6.17455797179067e-28
SFPQ,-0.462753350047803,5.92555995372169e-28
SFRP2,-0.509216663154602,2.08380493121778e-34
SFRP4,-0.541011816007888,1.96997189969092e-39
SFSWAP,-0.432392029014894,3.05944850474305e-24
SFXN3,-0.4497787756971,2.54196278691099e-26
SFXN4,0.434604407812529,1.68862918083568e-24
SGCB,-0.404765258577036,3.57283574815346e-21
SGCE,-0.406102220430537,2.57654265646568e-21
SGMS2,-0.401835669609362,7.27576119590499e-21
SH3BP2,-0.559714980655612,1.2001177887783e-42
SH3BP4,-0.456150082592409,4.0952863329787e-27
SH3D21,-0.543638654604511,7.1617074193164e-40
SH3GL1,-0.460942953991899,1.01095399018819e-27
SH3PXD2A,-0.63258843386811,2.33685168600758e-57
SHANK3,-0.44461012490359,1.08698017762121e-25
SHC1,-0.445248249900853,9.09692710840945e-26
SHE,-0.423201447056347,3.44927572032261e-23
SHF,-0.418374637620884,1.19527798650336e-22
SHFL,-0.434754097957819,1.62181705346054e-24
SHISAL1,-0.460571471753639,1.12762739433008e-27
SHOX2,-0.469879165325607,7.0141824162946e-29
SHROOM3,-0.435409559328443,1.35871454914335e-24
SHROOM4,-0.559696324594362,1.20929803022427e-42
SIK1B,-0.40411110414343,4.19030924657381e-21
SIN3B,-0.548266026790846,1.17871005556629e-40
SINHCAF,-0.423449312359082,3.23426210395968e-23
SIPA1L2,-0.451642679356801,1.49602693577336e-26
SIRPA,-0.462868715332976,5.72661941983002e-28
SIX1,-0.4191343912069,9.84214227452023e-23
SKI,-0.542093618643163,1.30003329587938e-39
SKIL,-0.540799393039738,2.13711193764068e-39
SLC10A6,-0.422670603343471,3.9583597748853e-23
SLC17A7,-0.496344557297565,1.61056635747405e-32
SLC17A9,-0.410744486689888,8.18572403947902e-22
SLC1A7,-0.461656923721245,8.19222319376756e-28
SLC22A31,-0.42551001257959,1.89009495859503e-23
SLC22A4,-0.516785338700601,1.48094438714356e-35
SLC25A37,-0.475942333549046,1.09672897846071e-29
SLC26A10,-0.414135496869805,3.50224493544637e-22
SLC26A6,-0.443855056853767,1.3412462859798e-25
SLC27A6,-0.504300928760341,1.12048888085326e-33
SLC2A3,-0.569410998143326,2.14024890744425e-44
SLC39A10,-0.407477069903653,1.83809492843292e-21
SLC44A2,-0.403630743667561,4.70964304370871e-21
SLC45A3,-0.44226087789375,2.08686431403652e-25
SLC4A7,-0.490165210597782,1.21694294066755e-31
SLC66A3,-0.440511310797585,3.38086788961189e-25
SLC6A1,-0.403696964540992,4.63444553770649e-21
SLC6A6,-0.537848425529428,6.5849319832992e-39
SLC8B1,-0.492613139357664,5.48880192005979e-32
SLC9A5,-0.41777875225744,1.39154918235177e-22
SLC9B2,-0.413103871322629,4.53902368061856e-22
SLIT2,-0.535282219011418,1.73638343861196e-38
SMAD3,-0.432513163286926,2.96182945546991e-24
SMAD7,-0.408559617569161,1.40734795766505e-21
SMIM10,-0.425902819172513,1.70542063793159e-23
SMIM3,-0.475652608550986,1.19943092585148e-29
SMOC1,-0.40298293400402,5.51172534035816e-21
SMURF1,-0.483732757036089,9.56582309387709e-31
SMURF2,-0.511167590088992,1.06074525556354e-34
SNAI1,-0.445474342114624,8.54000242429036e-26
SNAI2,-0.619516458623367,1.97100714079735e-54
SNTA1,0.41276413556157,4.94269482373437e-22
SNX15,-0.433113741092831,2.52146414687512e-24
SNX33,-0.466128569452007,2.17008959104162e-28
SOCS3,-0.54480889369118,4.549838779393e-40
SORBS1,-0.582245052119889,8.40682050119149e-47
SORBS3,-0.424722971908222,2.32152855948549e-23
SORCS2,-0.41743665899171,1.51825983184864e-22
SOX13,-0.455097455683078,5.55180129990189e-27
SOX17,-0.410823556219863,8.02615521945465e-22
SOX4,-0.466168196099505,2.14450450379952e-28
SOX7,-0.467472548021946,1.45014031543517e-28
SP100,-0.407607837836776,1.77984458899769e-21
SP140L,-0.461264171631434,9.19747228949822e-28
SPACA6,-0.401278892236403,8.32211115327835e-21
SPARC,-0.6191049102675,2.42423641573595e-54
SPATA32,-0.422694958910829,3.93345776915372e-23
SPATA9,-0.404798914234296,3.5436182516832e-21
SPATS2L,-0.401497161587969,7.89532699092102e-21
SPOCK1,-0.417779076661869,1.39143412203569e-22
SPOCK2,-0.445515444483068,8.44243907571459e-26
SPON1,-0.484737542851967,6.95177883218301e-31
SPON2,-0.5575798806859,2.86168049600293e-42
SPRED2,-0.411291210885924,7.14323471323928e-22
SPRED3,-0.477470574659771,6.83000717853676e-30
SPRY2,-0.419670777208297,8.57804583439297e-23
SPTBN5,-0.405200800838032,3.21241793505639e-21
SRC,-0.424138495247526,2.70353274423396e-23
SRGAP2,-0.560247888154349,9.65163182617287e-43
SRGAP2B,-0.483383870813981,1.06843852249471e-30
SRGAP2C,-0.577244586609311,7.49300830311725e-46
SRPX,-0.555571781279037,6.44297441849166e-42
SRPX2,-0.499739447014968,5.20924154731819e-33
SRSF11,-0.43205854786484,3.3449098792493e-24
SRSF4,-0.426056458426438,1.63813882115254e-23
SRSF5,-0.430637652621791,4.88620599181834e-24
SSC5D,-0.553185066161829,1.67843164075702e-41
SSH1,-0.501844055095115,2.57104370804679e-33
SSH3,-0.438124999078201,6.4993001927864e-25
SSUH2,-0.451354338906851,1.62423236426838e-26
ST3GAL5,-0.405548471723945,2.95066086767928e-21
ST6GALNAC1,-0.411856467209282,6.20315649714111e-22
ST6GALNAC6,-0.434089382529753,1.93994706900557e-24
STAB1,-0.416159930656752,2.09997541080512e-22
STAG3,-0.41459285253733,3.12100789944657e-22
STARD9,-0.496822690969616,1.37489825299863e-32
STAT2,-0.480785352214775,2.42507848064204e-30
STAT4,-0.409350130022921,1.15731349888887e-21
STEAP4,-0.421839165892831,4.90845171704923e-23
STK17B,-0.444598676171867,1.09045430089853e-25
STK32B,-0.418915758399887,1.04086240543485e-22
STK38,-0.407562006298822,1.80004990835604e-21
STK38L,-0.512104321170419,7.65835560813509e-35
STOM,-0.516055508164039,1.91658276130769e-35
STON1,-0.543342808558287,8.02975810531463e-40
STRA6,-0.41468941721182,3.0459114843386e-22
STX16,-0.446391953200743,6.60530624734371e-26
SUFU,-0.542861055228247,9.67174880784873e-40
SULF1,-0.550630197710564,4.63784879424311e-41
SULF2,-0.55068195695083,4.54372141087952e-41
SUPT20H,-0.445556923777812,8.34509772200547e-26
SUPT7L,-0.425804435431779,1.74993025237515e-23
SUSD6,-0.46871073971318,9.98697809295915e-29
SVEP1,-0.487336938105676,3.02921312366204e-31
SVIL,-0.460215739562914,1.25179798958815e-27
SYDE1,-0.502294917778958,2.20869613549145e-33
SYNJ2,-0.416800137718023,1.78505767630481e-22
SYNPO,-0.578048378322309,5.285052107016e-46
SYNPO2,-0.466096862867454,2.19077826985957e-28
SYT11,-0.486352703256348,4.15235114001496e-31
SYTL2,-0.432823491114457,2.72555744701229e-24
SYTL5,-0.431449688735369,3.93555619932199e-24
SZT2,-0.43901200514181,5.10064018712486e-25
TACC1,-0.423980495720236,2.81704387708561e-23
TAGLN,-0.647064036712067,9.11855606854592e-61
TAGLN2,-0.435407862872079,1.35933783673578e-24
TANC1,-0.512959348376402,5.68350250749683e-35
TANC2,-0.413767274425835,3.84226950260782e-22
TANGO2,0.429772169680853,6.14953982281286e-24
TBC1D2B,-0.49210897730977,6.47028763396376e-32
TBX1,-0.406604210345293,2.27805282623742e-21
TBX15,-0.419350650249142,9.31177137666143e-23
TBX18,-0.543911577812588,6.44372005619512e-40
TBX19,-0.504824013381711,9.38064830843544e-34
TCERG1,-0.431569311449146,3.81190751332541e-24
TCERG1L,-0.485210807477102,5.97918838199099e-31
TCF3,-0.431921702993681,3.46952133480603e-24
TCF4,-0.45626847438085,3.95723892384679e-27
TCF7L2,-0.505694458595245,6.97450202291339e-34
TCIM,-0.577995298951799,5.40846190244969e-46
TCIRG1,-0.406518009039917,2.32676581257874e-21
TCP11L1,-0.513111704305872,5.38888176070312e-35
TCTEX1D1,-0.45180149917867,1.42973731282258e-26
TDRD10,-0.526132385737826,5.15259257295868e-37
TEAD2,-0.512084210488397,7.7121857354671e-35
TEAD3,-0.556231107333248,4.93883471588727e-42
TEK,-0.442232778913346,2.10314423095299e-25
TEN1-CDK3,-0.409561873542558,1.09814087056499e-21
TENT4A,-0.450633527606555,1.9941887428358e-26
TENT5A,-0.481004449730806,2.26375145615818e-30
TEP1,-0.485733224850096,5.06141453695828e-31
TET2,-0.445682430065486,8.05727074433883e-26
TET3,-0.532444538186765,5.02458176351277e-38
TFPI,-0.547834598854488,1.39631291636189e-40
TGFB1,-0.536621703945975,1.04784665323328e-38
TGFB1I1,-0.563365802256389,2.6763097746845e-43
TGFB3,-0.68035417189809,2.35163194889445e-69
TGFBI,-0.480491158804631,2.65972146100258e-30
TGIF1,-0.456242994081517,3.98655557365702e-27
TGM1,-0.407363969170069,1.88998900059585e-21
TGM2,-0.414628430762967,3.09312924349955e-22
THBD,-0.523562352402779,1.31093346274723e-36
THBS1,-0.586961203966351,1.03142883201798e-47
THBS2,-0.583834359251371,4.16130442623042e-47
THBS3,-0.480142680135097,2.96686294856145e-30
THEMIS2,-0.450984207197608,1.80482974387726e-26
THPO,-0.516908026522325,1.41803284298358e-35
THSD1,-0.433730898110697,2.13633824883497e-24
THY1,-0.407461473081722,1.84516679927267e-21
TIA1,-0.500118457659027,4.58886879185712e-33
TIAM1,-0.517832373477292,1.02188564878465e-35
TIE1,-0.462024218980779,7.35079282529596e-28
TIMP1,-0.413619466485284,3.98774204863544e-22
TIMP2,-0.655944332458191,5.96265851372424e-63
TIPARP,-0.408230173895988,1.52664316337268e-21
TLE2,-0.413634427298781,3.97277384169951e-22
TLE4,-0.509287382614133,2.0335749632252e-34
TLN1,-0.441873760511105,2.32253091578312e-25
TLNRD1,-0.522788046643313,1.73415982283489e-36
TM4SF1,-0.441553159309374,2.53746139531781e-25
TMC7,-0.458586749881466,2.01655307953046e-27
TMEM100,-0.532977680763646,4.11846525712868e-38
TMEM119,-0.523169187028564,1.51118450877123e-36
TMEM130,-0.458421328746134,2.1162919855554e-27
TMEM150A,-0.41152646027833,6.73603843504354e-22
TMEM158,-0.481644741848498,1.85068941697263e-30
TMEM173,-0.573721406100295,3.42180680735671e-45
TMEM200B,-0.673172147750922,2.08688250552202e-67
TMEM255A,-0.429017922329666,7.51005338928694e-24
TMEM255B,-0.452122002307649,1.30467863370299e-26
TMEM273,-0.444899075804777,1.00282995223798e-25
TMEM43,-0.456393114226301,3.81687608480753e-27
TMEM44,-0.514118268803361,3.7885773197132e-35
TMEM59L,-0.429759028741195,6.17101744976659e-24
TMEM63A,-0.513990689166523,3.96186477554141e-35
TMEM63B,-0.471112484692275,4.82341329593443e-29
TMEM71,-0.432915858312783,2.65889868114585e-24
TMOD2,-0.441140189330487,2.8434891739992e-25
TMOD3,-0.459931474087571,1.36066129319731e-27
TMSB4X,-0.47102741001603,4.94986628781648e-29
TMTC1,-0.419716468911494,8.47808539015525e-23
TMX3,-0.471353521178613,4.48223537878019e-29
TNC,-0.420443818201561,7.03327818815248e-23
TNFAIP3,-0.446985886792596,5.5911394844882e-26
TNFAIP6,-0.551849195738916,2.85878312421465e-41
TNFAIP8L3,-0.445847285490067,7.69406186632715e-26
TNFRSF10B,-0.455295833369414,5.24281068320548e-27
TNFRSF10D,-0.519471375424799,5.70212160238147e-36
TNFRSF12A,-0.401534093664525,7.82527966707065e-21
TNFRSF1A,-0.483260676093539,1.11095166111694e-30
TNFRSF1B,-0.403168345383481,5.26932098748867e-21
TNFRSF21,-0.442718668911887,1.83851269813799e-25
TNFRSF25,-0.468197446289757,1.16590085585851e-28
TNFSF4,-0.435177964604258,1.44646922118948e-24
TNK2,-0.429282820021993,7.00136775219346e-24
TNRC18,-0.453864320638729,7.91883878857628e-27
TNS2,-0.470739615365275,5.40243935257396e-29
TNXB,-0.604164694141359,3.62668908678261e-51
TP53INP1,-0.426748176419824,1.36627165808763e-23
TP63,-0.459321822011409,1.62669436367483e-27
TPBG,-0.416486644959136,1.9329630487029e-22
TPCN2,-0.455137526859607,5.48796939580805e-27
TPM1,-0.481788474175353,1.76875341219129e-30
TPM2,-0.502982387209745,1.75126196999678e-33
TPM4,-0.631762137320108,3.61205010295006e-57
TPPP3,-0.47662017580858,8.89200765166417e-30
TPSAB1,-0.423294100170834,3.3672997912947e-23
TPSB2,-0.415819721761978,2.28901953020372e-22
TRA2A,-0.435454336821612,1.34236471590683e-24
TRABD2A,-0.405032197050813,3.34747504487425e-21
TRAF1,-0.414528153126822,3.17234236715128e-22
TRAM2,-0.441668277874186,2.45811502259083e-25
TRANK1,-0.454871054260437,5.92648176444341e-27
TRIB2,-0.483649474378537,9.8218192782191e-31
TRIM22,-0.444776666017349,1.03766272964339e-25
TRIM3,-0.489376139953064,1.57086964693769e-31
TRIM38,-0.400234306655971,1.07008519823926e-20
TRIO,-0.44644196415075,6.5133253871873e-26
TRIP10,-0.495527466049202,2.10932944657314e-32
TRO,-0.427195838880152,1.21460141178069e-23
TRPC1,-0.555357877847601,7.02247320122905e-42
TSC22D1,-0.473380327311761,2.41318649854717e-29
TSC22D2,-0.53160919440045,6.85661397149175e-38
TSHZ2,-0.516978692391511,1.38300625876544e-35
TSPAN11,-0.452621198499292,1.13110568628583e-26
TSPAN13,-0.434416355427269,1.77642763037357e-24
TTC13,-0.458315624413025,2.1825633030461e-27
TTLL3,-0.468262828260024,1.14315383590005e-28
TTYH3,-0.429054887442324,7.43693668161405e-24
TUBA1A,-0.559569783235078,1.27343119893775e-42
TUBB3,-0.436946325344859,8.95850509054883e-25
TUBB6,-0.437742701322777,7.21323568420499e-25
TUBGCP6,-0.432922095777301,2.65445576740874e-24
TULP3,-0.449250693227901,2.95216322299305e-26
TUSC3,-0.439056470377469,5.03895863358308e-25
TWIST1,-0.570373733916972,1.42445293690659e-44
TWIST2,-0.568615510047861,2.99312644454613e-44
TYK2,-0.429363629491966,6.85307351651549e-24
UACA,-0.439576349971397,4.37023233638581e-25
UBA6,-0.400414922800248,1.02463027015887e-20
UBQLNL,-0.408217494856691,1.53142842345666e-21
UGCG,-0.532873938827175,4.28107422685019e-38
UHRF2,-0.434702237424682,1.64466331385069e-24
UNC13D,-0.407580598611631,1.79182616189543e-21
UNC5C,-0.507457372041006,3.81662446910925e-34
UNKL,-0.426154604042267,1.59653766012073e-23
USP15,-0.416100122660631,2.13205473982332e-22
USP35,-0.475006831267526,1.46383980888141e-29
USPL1,-0.410676658687848,8.32509731262703e-22
VASH1,-0.511102834498389,1.08486325926844e-34
VASP,-0.482289093338213,1.51041757975655e-30
VCAM1,-0.437012101348568,8.79979219482447e-25
VCAN,-0.570965234305821,1.10846954844822e-44
VCL,-0.424465172351288,2.48296497849072e-23
VGLL3,-0.559121538286992,1.5289537268013e-42
VIM,-0.425013990438708,2.15171669722374e-23
VMP1,-0.554487046668038,9.96521476036528e-42
WDR27,-0.457810433593989,2.52873282969113e-27
WDR82,-0.408192080262231,1.54106486529417e-21
WEE1,-0.436973037351407,8.89371276462108e-25
WFDC1,-0.405245827836789,3.17726838948727e-21
WHRN,-0.415079669373845,2.76016159205494e-22
WIPF1,-0.4176532848438,1.43676159283491e-22
WIZ,-0.405472876834585,3.00572339502832e-21
WNT2,-0.41197048062257,6.02889685654276e-22
WNT9B,-0.460191991986882,1.2605527438847e-27
WSB1,-0.446661498132466,6.12430273652264e-26
WWC3,-0.401894025742132,7.17390848707391e-21
XG,-0.509282408435445,2.0370684262745e-34
XKRX,-0.432047259204892,3.35501988335091e-24
XPNPEP2,-0.417633007884286,1.44420326054299e-22
XPR1,-0.486469315212251,4.00027430580253e-31
XXYLT1,-0.428053574131567,9.68957667098031e-24
XYLT1,-0.427386744610407,1.15509459028733e-23
YBX3,-0.485250915954934,5.90323995074101e-31
YPEL2,-0.452464235219133,1.1830663953401e-26
YPEL5,-0.40879520527875,1.32772556403284e-21
ZBTB10,-0.416094751707747,2.13495911962829e-22
ZBTB34,-0.4500691800752,2.34094748835091e-26
ZBTB7A,-0.461183737161268,9.4179184646531e-28
ZC3H12A,-0.607110193769545,8.84867152973391e-52
ZCCHC14,-0.438529549804583,5.8197686680621e-25
ZCCHC24,-0.543539578790492,7.44151511474307e-40
ZDHHC17,-0.502684300835736,1.93677641552344e-33
ZDHHC8,-0.443404376217274,1.52015039200255e-25
ZEB1,-0.508643005700838,2.53936136611204e-34
ZEB2,-0.525176859448613,7.29817608320552e-37
ZFAND5,-0.430428696355057,5.16547524804024e-24
ZFC3H1,-0.418548534524023,1.14333802886876e-22
ZFHX2,-0.412741267068844,4.97110498029982e-22
ZFP36,-0.524010892873728,1.11442252522893e-36
ZFP36L1,-0.532778303110746,4.43660607537534e-38
ZFPM2,-0.434334119392105,1.81622505977814e-24
ZGPAT,-0.401633116638431,7.64047713360844e-21
ZMYM5,-0.408346010133128,1.48360212159571e-21
ZNF117,-0.458170126254625,2.27715078081905e-27
ZNF154,-0.445378658632053,8.77145975740649e-26
ZNF211,-0.466360230100628,2.02468144049091e-28
ZNF217,-0.428690124868766,8.19027856650793e-24
ZNF23,-0.402352039800566,6.42184611298292e-21
ZNF267,-0.447168273970233,5.31179318850568e-26
ZNF300,-0.489371898880957,1.57302371205292e-31
ZNF326,-0.427417960726592,1.14564200244404e-23
ZNF335,-0.400722838936766,9.51487044378134e-21
ZNF365,-0.443558705651094,1.45637994311864e-25
ZNF385D,-0.48233808119728,1.48723994389607e-30
ZNF423,-0.518968329199462,6.82255041653612e-36
ZNF469,-0.501045527163152,3.36290798330638e-33
ZNF513,-0.466572250606385,1.90006829511364e-28
ZNF516,-0.469626643071247,7.57168548078557e-29
ZNF521,-0.476751827632819,8.53655601683262e-30
ZNF532,-0.490694446708192,1.02505472560449e-31
ZNF608,-0.547836647193861,1.39519105716618e-40
ZNF660,-0.412339428889914,5.49743470369312e-22
ZNF662,-0.488820786082664,1.87931017173982e-31
ZNF69,-0.425348293567558,1.97174134637454e-23
ZNF703,-0.525674475448018,6.08890004564259e-37
ZNF710,-0.413812622633226,3.7986966961667e-22
ZNF783,-0.414658869072463,3.06947329620906e-22
ZNF841,-0.408628544385272,1.38357735468888e-21
ZSCAN9,-0.424775453892822,2.28995637605365e-23
ZSWIM4,-0.570336434822585,1.44713588883798e-44
ZSWIM8,-0.408020283022621,1.60779217928394e-21
ZYX,-0.439065767716494,5.02615494320019e-25
